ISO-10303-21;
HEADER;
/* Generated by software containing ST-Developer
 * from STEP Tools, Inc. (www.steptools.com) 
 */
/* OPTION: using custom renumber hook */

FILE_DESCRIPTION(
/* description */ ('STEP AP242 Edition 2',
'CAx-IF Rec.Pracs.---Representation and Presentation of Product Manufa
cturing Information (PMI)---4.0---2014-10-13',
'CAx-IF Rec.Pracs.---3D Tessellated Geometry---0.4---2014-09-14','2;1',
'CAx-IF Rec.Pracs.---User Defined Attributes---1.5---2016-08-15'),
/* implementation_level */ '2;1');

FILE_NAME(
/* name */ 'USB HUB - Board~ZDTx',
/* time_stamp */ '2026-06-04T01:32:44Z',
/* author */ (''),
/* organization */ (''),
/* preprocessor_version */ 'ST-DEVELOPER v20',
/* originating_system */ 'ONSHAPE BY PTC INC, 1.215',
/* authorisation */ '  ');

FILE_SCHEMA (('AP242_MANAGED_MODEL_BASED_3D_ENGINEERING_MIM_LF { 1 0 10303 442 3 1 4 }'));
ENDSEC;

DATA;
#10=SHAPE_REPRESENTATION_RELATIONSHIP('','',#3294,#11);
#11=ADVANCED_BREP_SHAPE_REPRESENTATION('',(#3292),#5143);
#12=ELLIPSE('',#3430,0.0629815037928202,0.00127);
#13=ELLIPSE('',#3433,0.0629815037928202,0.00127);
#14=ELLIPSE('',#3451,0.0629815037928202,0.00127);
#15=ELLIPSE('',#3454,0.0629815037928202,0.00127);
#16=ELLIPSE('',#3465,0.00127025827809968,0.00127);
#17=ELLIPSE('',#3466,0.00127025827809968,0.00127);
#18=ELLIPSE('',#3467,0.00127025827809968,0.00127);
#19=ELLIPSE('',#3468,0.00127025827809968,0.00127);
#20=B_SPLINE_CURVE_WITH_KNOTS('',3,(#4799,#4800,#4801,#4802),
 .UNSPECIFIED.,.F.,.F.,(4,4),(0.,1.13525684935402E-5),.UNSPECIFIED.);
#21=B_SPLINE_CURVE_WITH_KNOTS('',3,(#4807,#4808,#4809,#4810),
 .UNSPECIFIED.,.F.,.F.,(4,4),(0.,1.13535009594532E-5),.UNSPECIFIED.);
#22=B_SPLINE_CURVE_WITH_KNOTS('',3,(#4820,#4821,#4822,#4823,#4824),
 .UNSPECIFIED.,.F.,.F.,(4,1,4),(0.,0.000485746221012726,0.000971492442025452),
 .UNSPECIFIED.);
#23=B_SPLINE_CURVE_WITH_KNOTS('',3,(#4840,#4841,#4842,#4843),
 .UNSPECIFIED.,.F.,.F.,(4,4),(0.,1.13539527593054E-5),.UNSPECIFIED.);
#24=B_SPLINE_CURVE_WITH_KNOTS('',3,(#4848,#4849,#4850,#4851),
 .UNSPECIFIED.,.F.,.F.,(4,4),(0.,1.13526091433633E-5),.UNSPECIFIED.);
#25=B_SPLINE_CURVE_WITH_KNOTS('',3,(#4861,#4862,#4863,#4864,#4865),
 .UNSPECIFIED.,.F.,.F.,(4,1,4),(0.,0.000494972067241985,0.00098994413448397),
 .UNSPECIFIED.);
#26=B_SPLINE_CURVE_WITH_KNOTS('',3,(#4880,#4881,#4882,#4883,#4884,#4885,
#4886),.UNSPECIFIED.,.F.,.F.,(4,1,1,1,4),(0.,0.000257861061934332,0.000515722123868664,
0.000773583185802996,0.00103144424773733),.UNSPECIFIED.);
#27=B_SPLINE_CURVE_WITH_KNOTS('',3,(#4896,#4897,#4898,#4899,#4900,#4901,
#4902),.UNSPECIFIED.,.F.,.F.,(4,1,1,1,4),(0.,0.000256569714813599,0.000513139429627197,
0.000769709144440796,0.00102627885925439),.UNSPECIFIED.);
#28=B_SPLINE_CURVE_WITH_KNOTS('',3,(#4935,#4936,#4937,#4938),
 .UNSPECIFIED.,.F.,.F.,(4,4),(0.,0.000329720214710641),.UNSPECIFIED.);
#29=B_SPLINE_CURVE_WITH_KNOTS('',3,(#4943,#4944,#4945,#4946),
 .UNSPECIFIED.,.F.,.F.,(4,4),(0.,0.000365772074756613),.UNSPECIFIED.);
#30=B_SPLINE_CURVE_WITH_KNOTS('',3,(#4956,#4957,#4958,#4959,#4960,#4961,
#4962),.UNSPECIFIED.,.F.,.F.,(4,1,1,1,4),(8.69797772007508E-18,0.000271261919609422,
0.000542523839218835,0.000813785758828249,0.00108504767843766),
 .UNSPECIFIED.);
#31=CYLINDRICAL_SURFACE('',#3389,0.000350012700025);
#32=CYLINDRICAL_SURFACE('',#3391,0.000350012700025);
#33=CYLINDRICAL_SURFACE('',#3393,0.000350012700025);
#34=CYLINDRICAL_SURFACE('',#3395,0.000350012700025);
#35=CYLINDRICAL_SURFACE('',#3397,0.000350012700025);
#36=CYLINDRICAL_SURFACE('',#3399,0.000350012700025);
#37=CYLINDRICAL_SURFACE('',#3401,0.000350012700025);
#38=CYLINDRICAL_SURFACE('',#3403,0.000350012700025);
#39=CYLINDRICAL_SURFACE('',#3405,0.0003);
#40=CYLINDRICAL_SURFACE('',#3407,0.0003);
#41=CYLINDRICAL_SURFACE('',#3409,0.0003);
#42=CYLINDRICAL_SURFACE('',#3411,0.0003);
#43=CYLINDRICAL_SURFACE('',#3413,0.000350012700025);
#44=CYLINDRICAL_SURFACE('',#3414,0.000350012700025);
#45=CYLINDRICAL_SURFACE('',#3415,0.0003);
#46=CYLINDRICAL_SURFACE('',#3417,0.0003);
#47=CYLINDRICAL_SURFACE('',#3419,0.0003);
#48=CYLINDRICAL_SURFACE('',#3421,0.0003);
#49=CYLINDRICAL_SURFACE('',#3423,0.0003);
#50=CYLINDRICAL_SURFACE('',#3425,0.0003);
#51=CYLINDRICAL_SURFACE('',#3427,0.000350012700025);
#52=CYLINDRICAL_SURFACE('',#3428,0.0003);
#53=CYLINDRICAL_SURFACE('',#3431,0.0003);
#54=CYLINDRICAL_SURFACE('',#3434,0.000350012700025);
#55=CYLINDRICAL_SURFACE('',#3435,0.0003);
#56=CYLINDRICAL_SURFACE('',#3437,0.0003);
#57=CYLINDRICAL_SURFACE('',#3439,0.0003);
#58=CYLINDRICAL_SURFACE('',#3441,0.0003);
#59=CYLINDRICAL_SURFACE('',#3443,0.0003);
#60=CYLINDRICAL_SURFACE('',#3445,0.0003);
#61=CYLINDRICAL_SURFACE('',#3447,0.000350012700025);
#62=CYLINDRICAL_SURFACE('',#3448,0.000350012700025);
#63=CYLINDRICAL_SURFACE('',#3449,0.0003);
#64=CYLINDRICAL_SURFACE('',#3452,0.0003);
#65=CYLINDRICAL_SURFACE('',#3455,0.00254000508001);
#66=CYLINDRICAL_SURFACE('',#3456,0.0003);
#67=CYLINDRICAL_SURFACE('',#3458,0.0003);
#68=CYLINDRICAL_SURFACE('',#3460,0.0003);
#69=CYLINDRICAL_SURFACE('',#3462,0.0003);
#70=CYLINDRICAL_SURFACE('',#3498,0.00127);
#71=CYLINDRICAL_SURFACE('',#3499,0.00127);
#72=CYLINDRICAL_SURFACE('',#3500,0.00127);
#73=CYLINDRICAL_SURFACE('',#3501,0.00127);
#74=CYLINDRICAL_SURFACE('',#3529,0.00127);
#75=CYLINDRICAL_SURFACE('',#3530,0.00127);
#76=CYLINDRICAL_SURFACE('',#3531,0.00127);
#77=CYLINDRICAL_SURFACE('',#3532,0.00127);
#78=CYLINDRICAL_SURFACE('',#3533,0.00127);
#79=CYLINDRICAL_SURFACE('',#3534,0.00127);
#80=CYLINDRICAL_SURFACE('',#3535,0.00127);
#81=CYLINDRICAL_SURFACE('',#3536,0.00127);
#82=OVER_RIDING_STYLED_ITEM('',(#2859),#2733,#2857);
#83=OVER_RIDING_STYLED_ITEM('',(#2860),#2734,#2857);
#84=OVER_RIDING_STYLED_ITEM('',(#2861),#2735,#2857);
#85=OVER_RIDING_STYLED_ITEM('',(#2862),#2736,#2857);
#86=OVER_RIDING_STYLED_ITEM('',(#2863),#2737,#2857);
#87=OVER_RIDING_STYLED_ITEM('',(#2864),#2738,#2857);
#88=OVER_RIDING_STYLED_ITEM('',(#2865),#2739,#2857);
#89=OVER_RIDING_STYLED_ITEM('',(#2866),#2740,#2857);
#90=OVER_RIDING_STYLED_ITEM('',(#2867),#2741,#2857);
#91=OVER_RIDING_STYLED_ITEM('',(#2868),#2742,#2857);
#92=OVER_RIDING_STYLED_ITEM('',(#2869),#2743,#2857);
#93=OVER_RIDING_STYLED_ITEM('',(#2870),#2744,#2857);
#94=OVER_RIDING_STYLED_ITEM('',(#2871),#2745,#2857);
#95=OVER_RIDING_STYLED_ITEM('',(#2872),#2746,#2857);
#96=OVER_RIDING_STYLED_ITEM('',(#2873),#2747,#2857);
#97=OVER_RIDING_STYLED_ITEM('',(#2874),#2748,#2857);
#98=OVER_RIDING_STYLED_ITEM('',(#2875),#2749,#2857);
#99=OVER_RIDING_STYLED_ITEM('',(#2876),#2750,#2857);
#100=OVER_RIDING_STYLED_ITEM('',(#2877),#2751,#2857);
#101=OVER_RIDING_STYLED_ITEM('',(#2878),#2752,#2857);
#102=OVER_RIDING_STYLED_ITEM('',(#2879),#2753,#2857);
#103=OVER_RIDING_STYLED_ITEM('',(#2880),#2754,#2857);
#104=OVER_RIDING_STYLED_ITEM('',(#2881),#2755,#2857);
#105=OVER_RIDING_STYLED_ITEM('',(#2882),#2756,#2857);
#106=OVER_RIDING_STYLED_ITEM('',(#2883),#2757,#2857);
#107=OVER_RIDING_STYLED_ITEM('',(#2884),#2758,#2857);
#108=OVER_RIDING_STYLED_ITEM('',(#2885),#2759,#2857);
#109=OVER_RIDING_STYLED_ITEM('',(#2886),#2760,#2857);
#110=OVER_RIDING_STYLED_ITEM('',(#2887),#2761,#2857);
#111=OVER_RIDING_STYLED_ITEM('',(#2888),#2762,#2857);
#112=OVER_RIDING_STYLED_ITEM('',(#2889),#2763,#2857);
#113=OVER_RIDING_STYLED_ITEM('',(#2890),#2764,#2857);
#114=OVER_RIDING_STYLED_ITEM('',(#2891),#2765,#2857);
#115=OVER_RIDING_STYLED_ITEM('',(#2892),#2766,#2857);
#116=OVER_RIDING_STYLED_ITEM('',(#2893),#2767,#2857);
#117=OVER_RIDING_STYLED_ITEM('',(#2894),#2768,#2857);
#118=OVER_RIDING_STYLED_ITEM('',(#2895),#2769,#2857);
#119=OVER_RIDING_STYLED_ITEM('',(#2896),#2770,#2857);
#120=OVER_RIDING_STYLED_ITEM('',(#2897),#2771,#2857);
#121=OVER_RIDING_STYLED_ITEM('',(#2898),#2772,#2857);
#122=OVER_RIDING_STYLED_ITEM('',(#2899),#2773,#2857);
#123=OVER_RIDING_STYLED_ITEM('',(#2900),#2774,#2857);
#124=OVER_RIDING_STYLED_ITEM('',(#2901),#2775,#2857);
#125=OVER_RIDING_STYLED_ITEM('',(#2902),#2776,#2857);
#126=OVER_RIDING_STYLED_ITEM('',(#2903),#2777,#2857);
#127=OVER_RIDING_STYLED_ITEM('',(#2904),#2778,#2857);
#128=OVER_RIDING_STYLED_ITEM('',(#2905),#2779,#2857);
#129=OVER_RIDING_STYLED_ITEM('',(#2906),#2780,#2857);
#130=OVER_RIDING_STYLED_ITEM('',(#2907),#2781,#2857);
#131=OVER_RIDING_STYLED_ITEM('',(#2908),#2782,#2857);
#132=OVER_RIDING_STYLED_ITEM('',(#2909),#2783,#2857);
#133=OVER_RIDING_STYLED_ITEM('',(#2910),#2784,#2857);
#134=OVER_RIDING_STYLED_ITEM('',(#2911),#2785,#2857);
#135=OVER_RIDING_STYLED_ITEM('',(#2912),#2786,#2857);
#136=OVER_RIDING_STYLED_ITEM('',(#2913),#2787,#2857);
#137=OVER_RIDING_STYLED_ITEM('',(#2914),#2788,#2857);
#138=OVER_RIDING_STYLED_ITEM('',(#2915),#2789,#2857);
#139=OVER_RIDING_STYLED_ITEM('',(#2916),#2790,#2857);
#140=OVER_RIDING_STYLED_ITEM('',(#2917),#2791,#2857);
#141=OVER_RIDING_STYLED_ITEM('',(#2918),#2792,#2857);
#142=OVER_RIDING_STYLED_ITEM('',(#2919),#2793,#2857);
#143=OVER_RIDING_STYLED_ITEM('',(#2920),#2794,#2857);
#144=OVER_RIDING_STYLED_ITEM('',(#2921),#2795,#2857);
#145=OVER_RIDING_STYLED_ITEM('',(#2922),#2796,#2857);
#146=OVER_RIDING_STYLED_ITEM('',(#2923),#2797,#2857);
#147=OVER_RIDING_STYLED_ITEM('',(#2924),#2798,#2857);
#148=OVER_RIDING_STYLED_ITEM('',(#2925),#2799,#2857);
#149=OVER_RIDING_STYLED_ITEM('',(#2926),#2800,#2857);
#150=OVER_RIDING_STYLED_ITEM('',(#2927),#2801,#2857);
#151=OVER_RIDING_STYLED_ITEM('',(#2928),#2802,#2857);
#152=OVER_RIDING_STYLED_ITEM('',(#2929),#2803,#2857);
#153=CIRCLE('',#3300,0.000350012700025);
#154=CIRCLE('',#3301,0.000350012700025);
#155=CIRCLE('',#3302,0.000350012700025);
#156=CIRCLE('',#3303,0.000350012700025);
#157=CIRCLE('',#3304,0.000350012700025);
#158=CIRCLE('',#3305,0.000350012700025);
#159=CIRCLE('',#3306,0.000350012700025);
#160=CIRCLE('',#3307,0.000350012700025);
#161=CIRCLE('',#3308,0.0003);
#162=CIRCLE('',#3309,0.0003);
#163=CIRCLE('',#3310,0.000350012700025);
#164=CIRCLE('',#3311,0.000350012700025);
#165=CIRCLE('',#3312,0.0003);
#166=CIRCLE('',#3313,0.0003);
#167=CIRCLE('',#3314,0.0003);
#168=CIRCLE('',#3315,0.0003);
#169=CIRCLE('',#3316,0.000350012700025);
#170=CIRCLE('',#3317,0.000350012700025);
#171=CIRCLE('',#3318,0.0003);
#172=CIRCLE('',#3319,0.0003);
#173=CIRCLE('',#3320,0.0003);
#174=CIRCLE('',#3321,0.0003);
#175=CIRCLE('',#3322,0.0003);
#176=CIRCLE('',#3323,0.0003);
#177=CIRCLE('',#3324,0.000350012700025);
#178=CIRCLE('',#3325,0.000350012700025);
#179=CIRCLE('',#3326,0.00254000508001);
#180=CIRCLE('',#3327,0.0003);
#181=CIRCLE('',#3328,0.0003);
#182=CIRCLE('',#3329,0.0003);
#183=CIRCLE('',#3330,0.0003);
#184=CIRCLE('',#3331,0.0003);
#185=CIRCLE('',#3332,0.0003);
#186=CIRCLE('',#3333,0.0003);
#187=CIRCLE('',#3335,0.00127);
#188=CIRCLE('',#3336,0.00127);
#189=CIRCLE('',#3337,0.00127);
#190=CIRCLE('',#3338,0.00127);
#191=CIRCLE('',#3340,0.00127);
#192=CIRCLE('',#3341,0.00127);
#193=CIRCLE('',#3342,0.00127);
#194=CIRCLE('',#3343,0.00127);
#195=CIRCLE('',#3345,0.00127);
#196=CIRCLE('',#3346,0.00127);
#197=CIRCLE('',#3347,0.00127);
#198=CIRCLE('',#3348,0.00127);
#199=CIRCLE('',#3350,0.000350012700025);
#200=CIRCLE('',#3351,0.000350012700025);
#201=CIRCLE('',#3352,0.000350012700025);
#202=CIRCLE('',#3353,0.000350012700025);
#203=CIRCLE('',#3354,0.000350012700025);
#204=CIRCLE('',#3355,0.000350012700025);
#205=CIRCLE('',#3356,0.000350012700025);
#206=CIRCLE('',#3357,0.000350012700025);
#207=CIRCLE('',#3358,0.0003);
#208=CIRCLE('',#3359,0.0003);
#209=CIRCLE('',#3360,0.0003);
#210=CIRCLE('',#3361,0.0003);
#211=CIRCLE('',#3362,0.000350012700025);
#212=CIRCLE('',#3363,0.000350012700025);
#213=CIRCLE('',#3364,0.0003);
#214=CIRCLE('',#3365,0.0003);
#215=CIRCLE('',#3366,0.0003);
#216=CIRCLE('',#3367,0.0003);
#217=CIRCLE('',#3368,0.0003);
#218=CIRCLE('',#3369,0.0003);
#219=CIRCLE('',#3370,0.000350012700025);
#220=CIRCLE('',#3371,0.0003);
#221=CIRCLE('',#3372,0.0003);
#222=CIRCLE('',#3373,0.000350012700025);
#223=CIRCLE('',#3374,0.0003);
#224=CIRCLE('',#3375,0.0003);
#225=CIRCLE('',#3376,0.0003);
#226=CIRCLE('',#3377,0.0003);
#227=CIRCLE('',#3378,0.0003);
#228=CIRCLE('',#3379,0.0003);
#229=CIRCLE('',#3380,0.000350012700025);
#230=CIRCLE('',#3381,0.000350012700025);
#231=CIRCLE('',#3382,0.0003);
#232=CIRCLE('',#3383,0.0003);
#233=CIRCLE('',#3384,0.00254000508001);
#234=CIRCLE('',#3385,0.0003);
#235=CIRCLE('',#3386,0.0003);
#236=CIRCLE('',#3387,0.0003);
#237=CIRCLE('',#3388,0.0003);
#238=CIRCLE('',#3470,0.00127);
#239=CIRCLE('',#3471,0.00127);
#240=CIRCLE('',#3472,0.00127);
#241=CIRCLE('',#3473,0.00127);
#242=CIRCLE('',#3476,0.00127);
#243=CIRCLE('',#3477,0.00127);
#244=CIRCLE('',#3478,0.00127);
#245=CIRCLE('',#3479,0.00127);
#246=CIRCLE('',#3492,0.00127);
#247=CIRCLE('',#3493,0.00127);
#248=CIRCLE('',#3503,0.00127);
#249=CIRCLE('',#3504,0.00127);
#250=CIRCLE('',#3506,0.00127);
#251=CIRCLE('',#3512,0.00127);
#252=CIRCLE('',#3514,0.00127);
#253=CIRCLE('',#3516,0.00127);
#254=CIRCLE('',#3517,0.00127);
#255=ORIENTED_EDGE('',*,*,#1051,.T.);
#256=ORIENTED_EDGE('',*,*,#1052,.T.);
#257=ORIENTED_EDGE('',*,*,#1053,.F.);
#258=ORIENTED_EDGE('',*,*,#1054,.F.);
#259=ORIENTED_EDGE('',*,*,#1055,.F.);
#260=ORIENTED_EDGE('',*,*,#1056,.T.);
#261=ORIENTED_EDGE('',*,*,#1057,.T.);
#262=ORIENTED_EDGE('',*,*,#1058,.F.);
#263=ORIENTED_EDGE('',*,*,#1059,.F.);
#264=ORIENTED_EDGE('',*,*,#1060,.F.);
#265=ORIENTED_EDGE('',*,*,#1061,.T.);
#266=ORIENTED_EDGE('',*,*,#1062,.T.);
#267=ORIENTED_EDGE('',*,*,#1063,.F.);
#268=ORIENTED_EDGE('',*,*,#1064,.T.);
#269=ORIENTED_EDGE('',*,*,#1065,.T.);
#270=ORIENTED_EDGE('',*,*,#1066,.F.);
#271=ORIENTED_EDGE('',*,*,#1067,.T.);
#272=ORIENTED_EDGE('',*,*,#1068,.T.);
#273=ORIENTED_EDGE('',*,*,#1069,.F.);
#274=ORIENTED_EDGE('',*,*,#1070,.F.);
#275=ORIENTED_EDGE('',*,*,#1061,.F.);
#276=ORIENTED_EDGE('',*,*,#1071,.F.);
#277=ORIENTED_EDGE('',*,*,#1072,.F.);
#278=ORIENTED_EDGE('',*,*,#1073,.F.);
#279=ORIENTED_EDGE('',*,*,#1074,.F.);
#280=ORIENTED_EDGE('',*,*,#1075,.F.);
#281=ORIENTED_EDGE('',*,*,#1076,.F.);
#282=ORIENTED_EDGE('',*,*,#1077,.F.);
#283=ORIENTED_EDGE('',*,*,#1078,.F.);
#284=ORIENTED_EDGE('',*,*,#1079,.F.);
#285=ORIENTED_EDGE('',*,*,#1080,.T.);
#286=ORIENTED_EDGE('',*,*,#1081,.T.);
#287=ORIENTED_EDGE('',*,*,#1082,.T.);
#288=ORIENTED_EDGE('',*,*,#1083,.T.);
#289=ORIENTED_EDGE('',*,*,#1084,.T.);
#290=ORIENTED_EDGE('',*,*,#1085,.T.);
#291=ORIENTED_EDGE('',*,*,#1086,.T.);
#292=ORIENTED_EDGE('',*,*,#1087,.T.);
#293=ORIENTED_EDGE('',*,*,#1054,.T.);
#294=ORIENTED_EDGE('',*,*,#1088,.T.);
#295=ORIENTED_EDGE('',*,*,#1089,.F.);
#296=ORIENTED_EDGE('',*,*,#1090,.F.);
#297=ORIENTED_EDGE('',*,*,#1091,.F.);
#298=ORIENTED_EDGE('',*,*,#1092,.F.);
#299=ORIENTED_EDGE('',*,*,#1093,.F.);
#300=ORIENTED_EDGE('',*,*,#1094,.F.);
#301=ORIENTED_EDGE('',*,*,#1095,.F.);
#302=ORIENTED_EDGE('',*,*,#1096,.F.);
#303=ORIENTED_EDGE('',*,*,#1097,.F.);
#304=ORIENTED_EDGE('',*,*,#1098,.F.);
#305=ORIENTED_EDGE('',*,*,#1099,.F.);
#306=ORIENTED_EDGE('',*,*,#1100,.F.);
#307=ORIENTED_EDGE('',*,*,#1101,.F.);
#308=ORIENTED_EDGE('',*,*,#1102,.F.);
#309=ORIENTED_EDGE('',*,*,#1103,.F.);
#310=ORIENTED_EDGE('',*,*,#1104,.F.);
#311=ORIENTED_EDGE('',*,*,#1105,.F.);
#312=ORIENTED_EDGE('',*,*,#1106,.F.);
#313=ORIENTED_EDGE('',*,*,#1107,.F.);
#314=ORIENTED_EDGE('',*,*,#1108,.F.);
#315=ORIENTED_EDGE('',*,*,#1109,.F.);
#316=ORIENTED_EDGE('',*,*,#1110,.F.);
#317=ORIENTED_EDGE('',*,*,#1111,.F.);
#318=ORIENTED_EDGE('',*,*,#1112,.F.);
#319=ORIENTED_EDGE('',*,*,#1113,.F.);
#320=ORIENTED_EDGE('',*,*,#1114,.F.);
#321=ORIENTED_EDGE('',*,*,#1115,.F.);
#322=ORIENTED_EDGE('',*,*,#1116,.F.);
#323=ORIENTED_EDGE('',*,*,#1117,.F.);
#324=ORIENTED_EDGE('',*,*,#1118,.F.);
#325=ORIENTED_EDGE('',*,*,#1119,.F.);
#326=ORIENTED_EDGE('',*,*,#1120,.F.);
#327=ORIENTED_EDGE('',*,*,#1121,.F.);
#328=ORIENTED_EDGE('',*,*,#1122,.F.);
#329=ORIENTED_EDGE('',*,*,#1123,.F.);
#330=ORIENTED_EDGE('',*,*,#1124,.F.);
#331=ORIENTED_EDGE('',*,*,#1125,.F.);
#332=ORIENTED_EDGE('',*,*,#1126,.F.);
#333=ORIENTED_EDGE('',*,*,#1127,.F.);
#334=ORIENTED_EDGE('',*,*,#1128,.F.);
#335=ORIENTED_EDGE('',*,*,#1129,.F.);
#336=ORIENTED_EDGE('',*,*,#1130,.F.);
#337=ORIENTED_EDGE('',*,*,#1131,.F.);
#338=ORIENTED_EDGE('',*,*,#1132,.F.);
#339=ORIENTED_EDGE('',*,*,#1133,.F.);
#340=ORIENTED_EDGE('',*,*,#1134,.F.);
#341=ORIENTED_EDGE('',*,*,#1135,.F.);
#342=ORIENTED_EDGE('',*,*,#1136,.F.);
#343=ORIENTED_EDGE('',*,*,#1137,.F.);
#344=ORIENTED_EDGE('',*,*,#1138,.F.);
#345=ORIENTED_EDGE('',*,*,#1139,.F.);
#346=ORIENTED_EDGE('',*,*,#1140,.F.);
#347=ORIENTED_EDGE('',*,*,#1141,.F.);
#348=ORIENTED_EDGE('',*,*,#1142,.F.);
#349=ORIENTED_EDGE('',*,*,#1143,.F.);
#350=ORIENTED_EDGE('',*,*,#1144,.F.);
#351=ORIENTED_EDGE('',*,*,#1145,.T.);
#352=ORIENTED_EDGE('',*,*,#1146,.F.);
#353=ORIENTED_EDGE('',*,*,#1147,.F.);
#354=ORIENTED_EDGE('',*,*,#1148,.F.);
#355=ORIENTED_EDGE('',*,*,#1149,.F.);
#356=ORIENTED_EDGE('',*,*,#1052,.F.);
#357=ORIENTED_EDGE('',*,*,#1150,.F.);
#358=ORIENTED_EDGE('',*,*,#1151,.F.);
#359=ORIENTED_EDGE('',*,*,#1152,.F.);
#360=ORIENTED_EDGE('',*,*,#1153,.T.);
#361=ORIENTED_EDGE('',*,*,#1154,.F.);
#362=ORIENTED_EDGE('',*,*,#1155,.F.);
#363=ORIENTED_EDGE('',*,*,#1156,.F.);
#364=ORIENTED_EDGE('',*,*,#1157,.T.);
#365=ORIENTED_EDGE('',*,*,#1158,.F.);
#366=ORIENTED_EDGE('',*,*,#1159,.F.);
#367=ORIENTED_EDGE('',*,*,#1160,.T.);
#368=ORIENTED_EDGE('',*,*,#1161,.F.);
#369=ORIENTED_EDGE('',*,*,#1162,.T.);
#370=ORIENTED_EDGE('',*,*,#1163,.F.);
#371=ORIENTED_EDGE('',*,*,#1164,.F.);
#372=ORIENTED_EDGE('',*,*,#1165,.F.);
#373=ORIENTED_EDGE('',*,*,#1166,.T.);
#374=ORIENTED_EDGE('',*,*,#1167,.F.);
#375=ORIENTED_EDGE('',*,*,#1168,.F.);
#376=ORIENTED_EDGE('',*,*,#1169,.F.);
#377=ORIENTED_EDGE('',*,*,#1170,.F.);
#378=ORIENTED_EDGE('',*,*,#1171,.F.);
#379=ORIENTED_EDGE('',*,*,#1172,.F.);
#380=ORIENTED_EDGE('',*,*,#1076,.T.);
#381=ORIENTED_EDGE('',*,*,#1173,.T.);
#382=ORIENTED_EDGE('',*,*,#1174,.F.);
#383=ORIENTED_EDGE('',*,*,#1175,.T.);
#384=ORIENTED_EDGE('',*,*,#1176,.T.);
#385=ORIENTED_EDGE('',*,*,#1177,.T.);
#386=ORIENTED_EDGE('',*,*,#1178,.T.);
#387=ORIENTED_EDGE('',*,*,#1179,.T.);
#388=ORIENTED_EDGE('',*,*,#1180,.F.);
#389=ORIENTED_EDGE('',*,*,#1181,.T.);
#390=ORIENTED_EDGE('',*,*,#1182,.F.);
#391=ORIENTED_EDGE('',*,*,#1183,.F.);
#392=ORIENTED_EDGE('',*,*,#1073,.T.);
#393=ORIENTED_EDGE('',*,*,#1184,.T.);
#394=ORIENTED_EDGE('',*,*,#1185,.F.);
#395=ORIENTED_EDGE('',*,*,#1186,.T.);
#396=ORIENTED_EDGE('',*,*,#1187,.T.);
#397=ORIENTED_EDGE('',*,*,#1188,.T.);
#398=ORIENTED_EDGE('',*,*,#1189,.T.);
#399=ORIENTED_EDGE('',*,*,#1190,.T.);
#400=ORIENTED_EDGE('',*,*,#1191,.F.);
#401=ORIENTED_EDGE('',*,*,#1192,.T.);
#402=ORIENTED_EDGE('',*,*,#1193,.F.);
#403=ORIENTED_EDGE('',*,*,#1194,.F.);
#404=ORIENTED_EDGE('',*,*,#1074,.T.);
#405=ORIENTED_EDGE('',*,*,#1183,.T.);
#406=ORIENTED_EDGE('',*,*,#1195,.F.);
#407=ORIENTED_EDGE('',*,*,#1196,.T.);
#408=ORIENTED_EDGE('',*,*,#1197,.T.);
#409=ORIENTED_EDGE('',*,*,#1198,.T.);
#410=ORIENTED_EDGE('',*,*,#1199,.T.);
#411=ORIENTED_EDGE('',*,*,#1200,.T.);
#412=ORIENTED_EDGE('',*,*,#1201,.F.);
#413=ORIENTED_EDGE('',*,*,#1202,.T.);
#414=ORIENTED_EDGE('',*,*,#1203,.T.);
#415=ORIENTED_EDGE('',*,*,#1204,.T.);
#416=ORIENTED_EDGE('',*,*,#1205,.T.);
#417=ORIENTED_EDGE('',*,*,#1206,.T.);
#418=ORIENTED_EDGE('',*,*,#1207,.T.);
#419=ORIENTED_EDGE('',*,*,#1208,.T.);
#420=ORIENTED_EDGE('',*,*,#1209,.T.);
#421=ORIENTED_EDGE('',*,*,#1210,.T.);
#422=ORIENTED_EDGE('',*,*,#1211,.T.);
#423=ORIENTED_EDGE('',*,*,#1212,.T.);
#424=ORIENTED_EDGE('',*,*,#1213,.T.);
#425=ORIENTED_EDGE('',*,*,#1214,.T.);
#426=ORIENTED_EDGE('',*,*,#1215,.T.);
#427=ORIENTED_EDGE('',*,*,#1216,.T.);
#428=ORIENTED_EDGE('',*,*,#1217,.T.);
#429=ORIENTED_EDGE('',*,*,#1218,.T.);
#430=ORIENTED_EDGE('',*,*,#1219,.T.);
#431=ORIENTED_EDGE('',*,*,#1220,.T.);
#432=ORIENTED_EDGE('',*,*,#1221,.T.);
#433=ORIENTED_EDGE('',*,*,#1222,.T.);
#434=ORIENTED_EDGE('',*,*,#1223,.T.);
#435=ORIENTED_EDGE('',*,*,#1224,.T.);
#436=ORIENTED_EDGE('',*,*,#1225,.T.);
#437=ORIENTED_EDGE('',*,*,#1226,.T.);
#438=ORIENTED_EDGE('',*,*,#1227,.T.);
#439=ORIENTED_EDGE('',*,*,#1228,.T.);
#440=ORIENTED_EDGE('',*,*,#1229,.T.);
#441=ORIENTED_EDGE('',*,*,#1230,.T.);
#442=ORIENTED_EDGE('',*,*,#1231,.T.);
#443=ORIENTED_EDGE('',*,*,#1232,.T.);
#444=ORIENTED_EDGE('',*,*,#1233,.T.);
#445=ORIENTED_EDGE('',*,*,#1234,.T.);
#446=ORIENTED_EDGE('',*,*,#1235,.T.);
#447=ORIENTED_EDGE('',*,*,#1236,.T.);
#448=ORIENTED_EDGE('',*,*,#1237,.T.);
#449=ORIENTED_EDGE('',*,*,#1238,.T.);
#450=ORIENTED_EDGE('',*,*,#1239,.T.);
#451=ORIENTED_EDGE('',*,*,#1240,.T.);
#452=ORIENTED_EDGE('',*,*,#1241,.T.);
#453=ORIENTED_EDGE('',*,*,#1242,.T.);
#454=ORIENTED_EDGE('',*,*,#1243,.T.);
#455=ORIENTED_EDGE('',*,*,#1244,.T.);
#456=ORIENTED_EDGE('',*,*,#1245,.T.);
#457=ORIENTED_EDGE('',*,*,#1246,.T.);
#458=ORIENTED_EDGE('',*,*,#1247,.T.);
#459=ORIENTED_EDGE('',*,*,#1248,.T.);
#460=ORIENTED_EDGE('',*,*,#1249,.T.);
#461=ORIENTED_EDGE('',*,*,#1250,.T.);
#462=ORIENTED_EDGE('',*,*,#1251,.T.);
#463=ORIENTED_EDGE('',*,*,#1252,.T.);
#464=ORIENTED_EDGE('',*,*,#1253,.T.);
#465=ORIENTED_EDGE('',*,*,#1254,.T.);
#466=ORIENTED_EDGE('',*,*,#1255,.T.);
#467=ORIENTED_EDGE('',*,*,#1256,.T.);
#468=ORIENTED_EDGE('',*,*,#1257,.T.);
#469=ORIENTED_EDGE('',*,*,#1258,.T.);
#470=ORIENTED_EDGE('',*,*,#1259,.T.);
#471=ORIENTED_EDGE('',*,*,#1260,.T.);
#472=ORIENTED_EDGE('',*,*,#1261,.T.);
#473=ORIENTED_EDGE('',*,*,#1262,.T.);
#474=ORIENTED_EDGE('',*,*,#1263,.T.);
#475=ORIENTED_EDGE('',*,*,#1264,.T.);
#476=ORIENTED_EDGE('',*,*,#1265,.T.);
#477=ORIENTED_EDGE('',*,*,#1266,.T.);
#478=ORIENTED_EDGE('',*,*,#1267,.T.);
#479=ORIENTED_EDGE('',*,*,#1268,.T.);
#480=ORIENTED_EDGE('',*,*,#1269,.T.);
#481=ORIENTED_EDGE('',*,*,#1270,.T.);
#482=ORIENTED_EDGE('',*,*,#1271,.T.);
#483=ORIENTED_EDGE('',*,*,#1272,.T.);
#484=ORIENTED_EDGE('',*,*,#1273,.T.);
#485=ORIENTED_EDGE('',*,*,#1193,.T.);
#486=ORIENTED_EDGE('',*,*,#1182,.T.);
#487=ORIENTED_EDGE('',*,*,#1274,.T.);
#488=ORIENTED_EDGE('',*,*,#1275,.T.);
#489=ORIENTED_EDGE('',*,*,#1059,.T.);
#490=ORIENTED_EDGE('',*,*,#1276,.T.);
#491=ORIENTED_EDGE('',*,*,#1277,.T.);
#492=ORIENTED_EDGE('',*,*,#1278,.T.);
#493=ORIENTED_EDGE('',*,*,#1171,.T.);
#494=ORIENTED_EDGE('',*,*,#1279,.T.);
#495=ORIENTED_EDGE('',*,*,#1280,.T.);
#496=ORIENTED_EDGE('',*,*,#1089,.T.);
#497=ORIENTED_EDGE('',*,*,#1281,.F.);
#498=ORIENTED_EDGE('',*,*,#1206,.F.);
#499=ORIENTED_EDGE('',*,*,#1282,.T.);
#500=ORIENTED_EDGE('',*,*,#1090,.T.);
#501=ORIENTED_EDGE('',*,*,#1280,.F.);
#502=ORIENTED_EDGE('',*,*,#1205,.F.);
#503=ORIENTED_EDGE('',*,*,#1283,.T.);
#504=ORIENTED_EDGE('',*,*,#1091,.T.);
#505=ORIENTED_EDGE('',*,*,#1282,.F.);
#506=ORIENTED_EDGE('',*,*,#1204,.F.);
#507=ORIENTED_EDGE('',*,*,#1281,.T.);
#508=ORIENTED_EDGE('',*,*,#1092,.T.);
#509=ORIENTED_EDGE('',*,*,#1283,.F.);
#510=ORIENTED_EDGE('',*,*,#1203,.F.);
#511=ORIENTED_EDGE('',*,*,#1284,.T.);
#512=ORIENTED_EDGE('',*,*,#1093,.T.);
#513=ORIENTED_EDGE('',*,*,#1285,.F.);
#514=ORIENTED_EDGE('',*,*,#1210,.F.);
#515=ORIENTED_EDGE('',*,*,#1286,.T.);
#516=ORIENTED_EDGE('',*,*,#1094,.T.);
#517=ORIENTED_EDGE('',*,*,#1284,.F.);
#518=ORIENTED_EDGE('',*,*,#1209,.F.);
#519=ORIENTED_EDGE('',*,*,#1287,.T.);
#520=ORIENTED_EDGE('',*,*,#1095,.T.);
#521=ORIENTED_EDGE('',*,*,#1286,.F.);
#522=ORIENTED_EDGE('',*,*,#1208,.F.);
#523=ORIENTED_EDGE('',*,*,#1285,.T.);
#524=ORIENTED_EDGE('',*,*,#1096,.T.);
#525=ORIENTED_EDGE('',*,*,#1287,.F.);
#526=ORIENTED_EDGE('',*,*,#1207,.F.);
#527=ORIENTED_EDGE('',*,*,#1288,.T.);
#528=ORIENTED_EDGE('',*,*,#1097,.T.);
#529=ORIENTED_EDGE('',*,*,#1289,.F.);
#530=ORIENTED_EDGE('',*,*,#1214,.F.);
#531=ORIENTED_EDGE('',*,*,#1290,.T.);
#532=ORIENTED_EDGE('',*,*,#1098,.T.);
#533=ORIENTED_EDGE('',*,*,#1288,.F.);
#534=ORIENTED_EDGE('',*,*,#1213,.F.);
#535=ORIENTED_EDGE('',*,*,#1291,.T.);
#536=ORIENTED_EDGE('',*,*,#1099,.T.);
#537=ORIENTED_EDGE('',*,*,#1290,.F.);
#538=ORIENTED_EDGE('',*,*,#1212,.F.);
#539=ORIENTED_EDGE('',*,*,#1289,.T.);
#540=ORIENTED_EDGE('',*,*,#1100,.T.);
#541=ORIENTED_EDGE('',*,*,#1291,.F.);
#542=ORIENTED_EDGE('',*,*,#1211,.F.);
#543=ORIENTED_EDGE('',*,*,#1292,.T.);
#544=ORIENTED_EDGE('',*,*,#1101,.T.);
#545=ORIENTED_EDGE('',*,*,#1293,.F.);
#546=ORIENTED_EDGE('',*,*,#1218,.F.);
#547=ORIENTED_EDGE('',*,*,#1294,.T.);
#548=ORIENTED_EDGE('',*,*,#1102,.T.);
#549=ORIENTED_EDGE('',*,*,#1292,.F.);
#550=ORIENTED_EDGE('',*,*,#1217,.F.);
#551=ORIENTED_EDGE('',*,*,#1295,.T.);
#552=ORIENTED_EDGE('',*,*,#1103,.T.);
#553=ORIENTED_EDGE('',*,*,#1294,.F.);
#554=ORIENTED_EDGE('',*,*,#1216,.F.);
#555=ORIENTED_EDGE('',*,*,#1293,.T.);
#556=ORIENTED_EDGE('',*,*,#1104,.T.);
#557=ORIENTED_EDGE('',*,*,#1295,.F.);
#558=ORIENTED_EDGE('',*,*,#1215,.F.);
#559=ORIENTED_EDGE('',*,*,#1296,.T.);
#560=ORIENTED_EDGE('',*,*,#1105,.T.);
#561=ORIENTED_EDGE('',*,*,#1297,.F.);
#562=ORIENTED_EDGE('',*,*,#1222,.F.);
#563=ORIENTED_EDGE('',*,*,#1298,.T.);
#564=ORIENTED_EDGE('',*,*,#1106,.T.);
#565=ORIENTED_EDGE('',*,*,#1296,.F.);
#566=ORIENTED_EDGE('',*,*,#1221,.F.);
#567=ORIENTED_EDGE('',*,*,#1299,.T.);
#568=ORIENTED_EDGE('',*,*,#1107,.T.);
#569=ORIENTED_EDGE('',*,*,#1298,.F.);
#570=ORIENTED_EDGE('',*,*,#1220,.F.);
#571=ORIENTED_EDGE('',*,*,#1297,.T.);
#572=ORIENTED_EDGE('',*,*,#1108,.T.);
#573=ORIENTED_EDGE('',*,*,#1299,.F.);
#574=ORIENTED_EDGE('',*,*,#1219,.F.);
#575=ORIENTED_EDGE('',*,*,#1300,.F.);
#576=ORIENTED_EDGE('',*,*,#1301,.T.);
#577=ORIENTED_EDGE('',*,*,#1302,.F.);
#578=ORIENTED_EDGE('',*,*,#1226,.F.);
#579=ORIENTED_EDGE('',*,*,#1303,.T.);
#580=ORIENTED_EDGE('',*,*,#1304,.T.);
#581=ORIENTED_EDGE('',*,*,#1305,.F.);
#582=ORIENTED_EDGE('',*,*,#1170,.T.);
#583=ORIENTED_EDGE('',*,*,#1306,.T.);
#584=ORIENTED_EDGE('',*,*,#1307,.T.);
#585=ORIENTED_EDGE('',*,*,#1303,.F.);
#586=ORIENTED_EDGE('',*,*,#1225,.F.);
#587=ORIENTED_EDGE('',*,*,#1308,.T.);
#588=ORIENTED_EDGE('',*,*,#1309,.T.);
#589=ORIENTED_EDGE('',*,*,#1306,.F.);
#590=ORIENTED_EDGE('',*,*,#1224,.F.);
#591=ORIENTED_EDGE('',*,*,#1302,.T.);
#592=ORIENTED_EDGE('',*,*,#1310,.T.);
#593=ORIENTED_EDGE('',*,*,#1308,.F.);
#594=ORIENTED_EDGE('',*,*,#1223,.F.);
#595=ORIENTED_EDGE('',*,*,#1109,.T.);
#596=ORIENTED_EDGE('',*,*,#1227,.F.);
#597=ORIENTED_EDGE('',*,*,#1110,.T.);
#598=ORIENTED_EDGE('',*,*,#1228,.F.);
#599=ORIENTED_EDGE('',*,*,#1311,.T.);
#600=ORIENTED_EDGE('',*,*,#1111,.T.);
#601=ORIENTED_EDGE('',*,*,#1312,.F.);
#602=ORIENTED_EDGE('',*,*,#1232,.F.);
#603=ORIENTED_EDGE('',*,*,#1313,.T.);
#604=ORIENTED_EDGE('',*,*,#1112,.T.);
#605=ORIENTED_EDGE('',*,*,#1311,.F.);
#606=ORIENTED_EDGE('',*,*,#1231,.F.);
#607=ORIENTED_EDGE('',*,*,#1314,.T.);
#608=ORIENTED_EDGE('',*,*,#1113,.T.);
#609=ORIENTED_EDGE('',*,*,#1313,.F.);
#610=ORIENTED_EDGE('',*,*,#1230,.F.);
#611=ORIENTED_EDGE('',*,*,#1312,.T.);
#612=ORIENTED_EDGE('',*,*,#1114,.T.);
#613=ORIENTED_EDGE('',*,*,#1314,.F.);
#614=ORIENTED_EDGE('',*,*,#1229,.F.);
#615=ORIENTED_EDGE('',*,*,#1315,.F.);
#616=ORIENTED_EDGE('',*,*,#1316,.T.);
#617=ORIENTED_EDGE('',*,*,#1317,.F.);
#618=ORIENTED_EDGE('',*,*,#1236,.F.);
#619=ORIENTED_EDGE('',*,*,#1318,.T.);
#620=ORIENTED_EDGE('',*,*,#1319,.T.);
#621=ORIENTED_EDGE('',*,*,#1320,.F.);
#622=ORIENTED_EDGE('',*,*,#1168,.T.);
#623=ORIENTED_EDGE('',*,*,#1321,.T.);
#624=ORIENTED_EDGE('',*,*,#1322,.T.);
#625=ORIENTED_EDGE('',*,*,#1318,.F.);
#626=ORIENTED_EDGE('',*,*,#1235,.F.);
#627=ORIENTED_EDGE('',*,*,#1323,.T.);
#628=ORIENTED_EDGE('',*,*,#1324,.T.);
#629=ORIENTED_EDGE('',*,*,#1321,.F.);
#630=ORIENTED_EDGE('',*,*,#1234,.F.);
#631=ORIENTED_EDGE('',*,*,#1317,.T.);
#632=ORIENTED_EDGE('',*,*,#1325,.T.);
#633=ORIENTED_EDGE('',*,*,#1323,.F.);
#634=ORIENTED_EDGE('',*,*,#1233,.F.);
#635=ORIENTED_EDGE('',*,*,#1326,.T.);
#636=ORIENTED_EDGE('',*,*,#1115,.T.);
#637=ORIENTED_EDGE('',*,*,#1327,.F.);
#638=ORIENTED_EDGE('',*,*,#1240,.F.);
#639=ORIENTED_EDGE('',*,*,#1328,.T.);
#640=ORIENTED_EDGE('',*,*,#1116,.T.);
#641=ORIENTED_EDGE('',*,*,#1326,.F.);
#642=ORIENTED_EDGE('',*,*,#1239,.F.);
#643=ORIENTED_EDGE('',*,*,#1329,.T.);
#644=ORIENTED_EDGE('',*,*,#1117,.T.);
#645=ORIENTED_EDGE('',*,*,#1328,.F.);
#646=ORIENTED_EDGE('',*,*,#1238,.F.);
#647=ORIENTED_EDGE('',*,*,#1327,.T.);
#648=ORIENTED_EDGE('',*,*,#1118,.T.);
#649=ORIENTED_EDGE('',*,*,#1329,.F.);
#650=ORIENTED_EDGE('',*,*,#1237,.F.);
#651=ORIENTED_EDGE('',*,*,#1119,.T.);
#652=ORIENTED_EDGE('',*,*,#1241,.F.);
#653=ORIENTED_EDGE('',*,*,#1330,.T.);
#654=ORIENTED_EDGE('',*,*,#1331,.T.);
#655=ORIENTED_EDGE('',*,*,#1332,.F.);
#656=ORIENTED_EDGE('',*,*,#1245,.F.);
#657=ORIENTED_EDGE('',*,*,#1333,.F.);
#658=ORIENTED_EDGE('',*,*,#1330,.F.);
#659=ORIENTED_EDGE('',*,*,#1244,.F.);
#660=ORIENTED_EDGE('',*,*,#1334,.T.);
#661=ORIENTED_EDGE('',*,*,#1335,.T.);
#662=ORIENTED_EDGE('',*,*,#1336,.T.);
#663=ORIENTED_EDGE('',*,*,#1334,.F.);
#664=ORIENTED_EDGE('',*,*,#1243,.F.);
#665=ORIENTED_EDGE('',*,*,#1337,.F.);
#666=ORIENTED_EDGE('',*,*,#1335,.F.);
#667=ORIENTED_EDGE('',*,*,#1242,.F.);
#668=ORIENTED_EDGE('',*,*,#1332,.T.);
#669=ORIENTED_EDGE('',*,*,#1120,.T.);
#670=ORIENTED_EDGE('',*,*,#1246,.F.);
#671=ORIENTED_EDGE('',*,*,#1338,.T.);
#672=ORIENTED_EDGE('',*,*,#1121,.T.);
#673=ORIENTED_EDGE('',*,*,#1339,.F.);
#674=ORIENTED_EDGE('',*,*,#1250,.F.);
#675=ORIENTED_EDGE('',*,*,#1340,.T.);
#676=ORIENTED_EDGE('',*,*,#1122,.T.);
#677=ORIENTED_EDGE('',*,*,#1338,.F.);
#678=ORIENTED_EDGE('',*,*,#1249,.F.);
#679=ORIENTED_EDGE('',*,*,#1341,.T.);
#680=ORIENTED_EDGE('',*,*,#1123,.T.);
#681=ORIENTED_EDGE('',*,*,#1340,.F.);
#682=ORIENTED_EDGE('',*,*,#1248,.F.);
#683=ORIENTED_EDGE('',*,*,#1339,.T.);
#684=ORIENTED_EDGE('',*,*,#1124,.T.);
#685=ORIENTED_EDGE('',*,*,#1341,.F.);
#686=ORIENTED_EDGE('',*,*,#1247,.F.);
#687=ORIENTED_EDGE('',*,*,#1342,.T.);
#688=ORIENTED_EDGE('',*,*,#1125,.T.);
#689=ORIENTED_EDGE('',*,*,#1343,.F.);
#690=ORIENTED_EDGE('',*,*,#1254,.F.);
#691=ORIENTED_EDGE('',*,*,#1344,.T.);
#692=ORIENTED_EDGE('',*,*,#1126,.T.);
#693=ORIENTED_EDGE('',*,*,#1342,.F.);
#694=ORIENTED_EDGE('',*,*,#1253,.F.);
#695=ORIENTED_EDGE('',*,*,#1345,.T.);
#696=ORIENTED_EDGE('',*,*,#1127,.T.);
#697=ORIENTED_EDGE('',*,*,#1344,.F.);
#698=ORIENTED_EDGE('',*,*,#1252,.F.);
#699=ORIENTED_EDGE('',*,*,#1343,.T.);
#700=ORIENTED_EDGE('',*,*,#1128,.T.);
#701=ORIENTED_EDGE('',*,*,#1345,.F.);
#702=ORIENTED_EDGE('',*,*,#1251,.F.);
#703=ORIENTED_EDGE('',*,*,#1346,.T.);
#704=ORIENTED_EDGE('',*,*,#1129,.T.);
#705=ORIENTED_EDGE('',*,*,#1347,.F.);
#706=ORIENTED_EDGE('',*,*,#1258,.F.);
#707=ORIENTED_EDGE('',*,*,#1348,.T.);
#708=ORIENTED_EDGE('',*,*,#1130,.T.);
#709=ORIENTED_EDGE('',*,*,#1346,.F.);
#710=ORIENTED_EDGE('',*,*,#1257,.F.);
#711=ORIENTED_EDGE('',*,*,#1349,.T.);
#712=ORIENTED_EDGE('',*,*,#1131,.T.);
#713=ORIENTED_EDGE('',*,*,#1348,.F.);
#714=ORIENTED_EDGE('',*,*,#1256,.F.);
#715=ORIENTED_EDGE('',*,*,#1347,.T.);
#716=ORIENTED_EDGE('',*,*,#1132,.T.);
#717=ORIENTED_EDGE('',*,*,#1349,.F.);
#718=ORIENTED_EDGE('',*,*,#1255,.F.);
#719=ORIENTED_EDGE('',*,*,#1133,.T.);
#720=ORIENTED_EDGE('',*,*,#1259,.F.);
#721=ORIENTED_EDGE('',*,*,#1134,.T.);
#722=ORIENTED_EDGE('',*,*,#1260,.F.);
#723=ORIENTED_EDGE('',*,*,#1350,.F.);
#724=ORIENTED_EDGE('',*,*,#1351,.T.);
#725=ORIENTED_EDGE('',*,*,#1352,.F.);
#726=ORIENTED_EDGE('',*,*,#1264,.F.);
#727=ORIENTED_EDGE('',*,*,#1353,.T.);
#728=ORIENTED_EDGE('',*,*,#1354,.T.);
#729=ORIENTED_EDGE('',*,*,#1355,.F.);
#730=ORIENTED_EDGE('',*,*,#1155,.T.);
#731=ORIENTED_EDGE('',*,*,#1356,.T.);
#732=ORIENTED_EDGE('',*,*,#1357,.T.);
#733=ORIENTED_EDGE('',*,*,#1353,.F.);
#734=ORIENTED_EDGE('',*,*,#1263,.F.);
#735=ORIENTED_EDGE('',*,*,#1358,.T.);
#736=ORIENTED_EDGE('',*,*,#1359,.T.);
#737=ORIENTED_EDGE('',*,*,#1356,.F.);
#738=ORIENTED_EDGE('',*,*,#1262,.F.);
#739=ORIENTED_EDGE('',*,*,#1352,.T.);
#740=ORIENTED_EDGE('',*,*,#1360,.T.);
#741=ORIENTED_EDGE('',*,*,#1358,.F.);
#742=ORIENTED_EDGE('',*,*,#1261,.F.);
#743=ORIENTED_EDGE('',*,*,#1135,.T.);
#744=ORIENTED_EDGE('',*,*,#1265,.F.);
#745=ORIENTED_EDGE('',*,*,#1361,.T.);
#746=ORIENTED_EDGE('',*,*,#1136,.T.);
#747=ORIENTED_EDGE('',*,*,#1362,.F.);
#748=ORIENTED_EDGE('',*,*,#1269,.F.);
#749=ORIENTED_EDGE('',*,*,#1363,.T.);
#750=ORIENTED_EDGE('',*,*,#1137,.T.);
#751=ORIENTED_EDGE('',*,*,#1361,.F.);
#752=ORIENTED_EDGE('',*,*,#1268,.F.);
#753=ORIENTED_EDGE('',*,*,#1364,.T.);
#754=ORIENTED_EDGE('',*,*,#1138,.T.);
#755=ORIENTED_EDGE('',*,*,#1363,.F.);
#756=ORIENTED_EDGE('',*,*,#1267,.F.);
#757=ORIENTED_EDGE('',*,*,#1362,.T.);
#758=ORIENTED_EDGE('',*,*,#1139,.T.);
#759=ORIENTED_EDGE('',*,*,#1364,.F.);
#760=ORIENTED_EDGE('',*,*,#1266,.F.);
#761=ORIENTED_EDGE('',*,*,#1365,.T.);
#762=ORIENTED_EDGE('',*,*,#1140,.T.);
#763=ORIENTED_EDGE('',*,*,#1366,.F.);
#764=ORIENTED_EDGE('',*,*,#1273,.F.);
#765=ORIENTED_EDGE('',*,*,#1367,.T.);
#766=ORIENTED_EDGE('',*,*,#1141,.T.);
#767=ORIENTED_EDGE('',*,*,#1365,.F.);
#768=ORIENTED_EDGE('',*,*,#1272,.F.);
#769=ORIENTED_EDGE('',*,*,#1368,.T.);
#770=ORIENTED_EDGE('',*,*,#1142,.T.);
#771=ORIENTED_EDGE('',*,*,#1367,.F.);
#772=ORIENTED_EDGE('',*,*,#1271,.F.);
#773=ORIENTED_EDGE('',*,*,#1366,.T.);
#774=ORIENTED_EDGE('',*,*,#1143,.T.);
#775=ORIENTED_EDGE('',*,*,#1368,.F.);
#776=ORIENTED_EDGE('',*,*,#1270,.F.);
#777=ORIENTED_EDGE('',*,*,#1369,.F.);
#778=ORIENTED_EDGE('',*,*,#1370,.T.);
#779=ORIENTED_EDGE('',*,*,#1371,.T.);
#780=ORIENTED_EDGE('',*,*,#1372,.T.);
#781=ORIENTED_EDGE('',*,*,#1152,.T.);
#782=ORIENTED_EDGE('',*,*,#1373,.F.);
#783=ORIENTED_EDGE('',*,*,#1085,.F.);
#784=ORIENTED_EDGE('',*,*,#1374,.T.);
#785=ORIENTED_EDGE('',*,*,#1158,.T.);
#786=ORIENTED_EDGE('',*,*,#1375,.T.);
#787=ORIENTED_EDGE('',*,*,#1376,.F.);
#788=ORIENTED_EDGE('',*,*,#1377,.T.);
#789=ORIENTED_EDGE('',*,*,#1378,.F.);
#790=ORIENTED_EDGE('',*,*,#1379,.T.);
#791=ORIENTED_EDGE('',*,*,#1380,.T.);
#792=ORIENTED_EDGE('',*,*,#1381,.T.);
#793=ORIENTED_EDGE('',*,*,#1159,.T.);
#794=ORIENTED_EDGE('',*,*,#1374,.F.);
#795=ORIENTED_EDGE('',*,*,#1084,.F.);
#796=ORIENTED_EDGE('',*,*,#1382,.T.);
#797=ORIENTED_EDGE('',*,*,#1163,.T.);
#798=ORIENTED_EDGE('',*,*,#1383,.T.);
#799=ORIENTED_EDGE('',*,*,#1384,.F.);
#800=ORIENTED_EDGE('',*,*,#1385,.T.);
#801=ORIENTED_EDGE('',*,*,#1386,.T.);
#802=ORIENTED_EDGE('',*,*,#1164,.T.);
#803=ORIENTED_EDGE('',*,*,#1382,.F.);
#804=ORIENTED_EDGE('',*,*,#1083,.F.);
#805=ORIENTED_EDGE('',*,*,#1387,.F.);
#806=ORIENTED_EDGE('',*,*,#1388,.T.);
#807=ORIENTED_EDGE('',*,*,#1389,.T.);
#808=ORIENTED_EDGE('',*,*,#1390,.T.);
#809=ORIENTED_EDGE('',*,*,#1165,.T.);
#810=ORIENTED_EDGE('',*,*,#1386,.F.);
#811=ORIENTED_EDGE('',*,*,#1082,.F.);
#812=ORIENTED_EDGE('',*,*,#1391,.T.);
#813=ORIENTED_EDGE('',*,*,#1146,.T.);
#814=ORIENTED_EDGE('',*,*,#1392,.T.);
#815=ORIENTED_EDGE('',*,*,#1393,.F.);
#816=ORIENTED_EDGE('',*,*,#1394,.T.);
#817=ORIENTED_EDGE('',*,*,#1395,.T.);
#818=ORIENTED_EDGE('',*,*,#1147,.T.);
#819=ORIENTED_EDGE('',*,*,#1391,.F.);
#820=ORIENTED_EDGE('',*,*,#1081,.F.);
#821=ORIENTED_EDGE('',*,*,#1080,.F.);
#822=ORIENTED_EDGE('',*,*,#1396,.T.);
#823=ORIENTED_EDGE('',*,*,#1397,.T.);
#824=ORIENTED_EDGE('',*,*,#1398,.F.);
#825=ORIENTED_EDGE('',*,*,#1067,.F.);
#826=ORIENTED_EDGE('',*,*,#1399,.T.);
#827=ORIENTED_EDGE('',*,*,#1148,.T.);
#828=ORIENTED_EDGE('',*,*,#1395,.F.);
#829=ORIENTED_EDGE('',*,*,#1053,.T.);
#830=ORIENTED_EDGE('',*,*,#1149,.T.);
#831=ORIENTED_EDGE('',*,*,#1399,.F.);
#832=ORIENTED_EDGE('',*,*,#1088,.F.);
#833=ORIENTED_EDGE('',*,*,#1373,.T.);
#834=ORIENTED_EDGE('',*,*,#1151,.T.);
#835=ORIENTED_EDGE('',*,*,#1400,.F.);
#836=ORIENTED_EDGE('',*,*,#1086,.F.);
#837=ORIENTED_EDGE('',*,*,#1400,.T.);
#838=ORIENTED_EDGE('',*,*,#1150,.T.);
#839=ORIENTED_EDGE('',*,*,#1051,.F.);
#840=ORIENTED_EDGE('',*,*,#1087,.F.);
#841=ORIENTED_EDGE('',*,*,#1279,.F.);
#842=ORIENTED_EDGE('',*,*,#1173,.F.);
#843=ORIENTED_EDGE('',*,*,#1075,.T.);
#844=ORIENTED_EDGE('',*,*,#1194,.T.);
#845=ORIENTED_EDGE('',*,*,#1278,.F.);
#846=ORIENTED_EDGE('',*,*,#1401,.F.);
#847=ORIENTED_EDGE('',*,*,#1077,.T.);
#848=ORIENTED_EDGE('',*,*,#1172,.T.);
#849=ORIENTED_EDGE('',*,*,#1402,.F.);
#850=ORIENTED_EDGE('',*,*,#1078,.T.);
#851=ORIENTED_EDGE('',*,*,#1401,.T.);
#852=ORIENTED_EDGE('',*,*,#1277,.F.);
#853=ORIENTED_EDGE('',*,*,#1403,.F.);
#854=ORIENTED_EDGE('',*,*,#1069,.T.);
#855=ORIENTED_EDGE('',*,*,#1404,.T.);
#856=ORIENTED_EDGE('',*,*,#1405,.F.);
#857=ORIENTED_EDGE('',*,*,#1276,.F.);
#858=ORIENTED_EDGE('',*,*,#1062,.F.);
#859=ORIENTED_EDGE('',*,*,#1070,.T.);
#860=ORIENTED_EDGE('',*,*,#1403,.T.);
#861=ORIENTED_EDGE('',*,*,#1275,.F.);
#862=ORIENTED_EDGE('',*,*,#1406,.F.);
#863=ORIENTED_EDGE('',*,*,#1071,.T.);
#864=ORIENTED_EDGE('',*,*,#1060,.T.);
#865=ORIENTED_EDGE('',*,*,#1274,.F.);
#866=ORIENTED_EDGE('',*,*,#1184,.F.);
#867=ORIENTED_EDGE('',*,*,#1072,.T.);
#868=ORIENTED_EDGE('',*,*,#1406,.T.);
#869=ORIENTED_EDGE('',*,*,#1407,.T.);
#870=ORIENTED_EDGE('',*,*,#1408,.T.);
#871=ORIENTED_EDGE('',*,*,#1161,.T.);
#872=ORIENTED_EDGE('',*,*,#1409,.T.);
#873=ORIENTED_EDGE('',*,*,#1378,.T.);
#874=ORIENTED_EDGE('',*,*,#1410,.T.);
#875=ORIENTED_EDGE('',*,*,#1197,.F.);
#876=ORIENTED_EDGE('',*,*,#1411,.T.);
#877=ORIENTED_EDGE('',*,*,#1380,.F.);
#878=ORIENTED_EDGE('',*,*,#1412,.T.);
#879=ORIENTED_EDGE('',*,*,#1195,.T.);
#880=ORIENTED_EDGE('',*,*,#1413,.T.);
#881=ORIENTED_EDGE('',*,*,#1199,.F.);
#882=ORIENTED_EDGE('',*,*,#1414,.T.);
#883=ORIENTED_EDGE('',*,*,#1384,.T.);
#884=ORIENTED_EDGE('',*,*,#1415,.T.);
#885=ORIENTED_EDGE('',*,*,#1201,.T.);
#886=ORIENTED_EDGE('',*,*,#1416,.T.);
#887=ORIENTED_EDGE('',*,*,#1407,.F.);
#888=ORIENTED_EDGE('',*,*,#1417,.T.);
#889=ORIENTED_EDGE('',*,*,#1385,.F.);
#890=ORIENTED_EDGE('',*,*,#1414,.F.);
#891=ORIENTED_EDGE('',*,*,#1198,.F.);
#892=ORIENTED_EDGE('',*,*,#1410,.F.);
#893=ORIENTED_EDGE('',*,*,#1379,.F.);
#894=ORIENTED_EDGE('',*,*,#1411,.F.);
#895=ORIENTED_EDGE('',*,*,#1196,.F.);
#896=ORIENTED_EDGE('',*,*,#1412,.F.);
#897=ORIENTED_EDGE('',*,*,#1408,.F.);
#898=ORIENTED_EDGE('',*,*,#1416,.F.);
#899=ORIENTED_EDGE('',*,*,#1200,.F.);
#900=ORIENTED_EDGE('',*,*,#1415,.F.);
#901=ORIENTED_EDGE('',*,*,#1383,.F.);
#902=ORIENTED_EDGE('',*,*,#1162,.F.);
#903=ORIENTED_EDGE('',*,*,#1381,.F.);
#904=ORIENTED_EDGE('',*,*,#1413,.F.);
#905=ORIENTED_EDGE('',*,*,#1202,.F.);
#906=ORIENTED_EDGE('',*,*,#1417,.F.);
#907=ORIENTED_EDGE('',*,*,#1409,.F.);
#908=ORIENTED_EDGE('',*,*,#1160,.F.);
#909=ORIENTED_EDGE('',*,*,#1418,.T.);
#910=ORIENTED_EDGE('',*,*,#1419,.T.);
#911=ORIENTED_EDGE('',*,*,#1350,.T.);
#912=ORIENTED_EDGE('',*,*,#1154,.T.);
#913=ORIENTED_EDGE('',*,*,#1420,.T.);
#914=ORIENTED_EDGE('',*,*,#1355,.T.);
#915=ORIENTED_EDGE('',*,*,#1421,.T.);
#916=ORIENTED_EDGE('',*,*,#1156,.T.);
#917=ORIENTED_EDGE('',*,*,#1187,.F.);
#918=ORIENTED_EDGE('',*,*,#1422,.T.);
#919=ORIENTED_EDGE('',*,*,#1369,.T.);
#920=ORIENTED_EDGE('',*,*,#1423,.T.);
#921=ORIENTED_EDGE('',*,*,#1371,.F.);
#922=ORIENTED_EDGE('',*,*,#1424,.T.);
#923=ORIENTED_EDGE('',*,*,#1185,.T.);
#924=ORIENTED_EDGE('',*,*,#1425,.T.);
#925=ORIENTED_EDGE('',*,*,#1191,.T.);
#926=ORIENTED_EDGE('',*,*,#1426,.T.);
#927=ORIENTED_EDGE('',*,*,#1418,.F.);
#928=ORIENTED_EDGE('',*,*,#1427,.T.);
#929=ORIENTED_EDGE('',*,*,#1189,.F.);
#930=ORIENTED_EDGE('',*,*,#1428,.T.);
#931=ORIENTED_EDGE('',*,*,#1376,.T.);
#932=ORIENTED_EDGE('',*,*,#1429,.T.);
#933=ORIENTED_EDGE('',*,*,#1305,.T.);
#934=ORIENTED_EDGE('',*,*,#1430,.T.);
#935=ORIENTED_EDGE('',*,*,#1144,.T.);
#936=ORIENTED_EDGE('',*,*,#1167,.T.);
#937=ORIENTED_EDGE('',*,*,#1431,.T.);
#938=ORIENTED_EDGE('',*,*,#1315,.T.);
#939=ORIENTED_EDGE('',*,*,#1320,.T.);
#940=ORIENTED_EDGE('',*,*,#1432,.T.);
#941=ORIENTED_EDGE('',*,*,#1433,.T.);
#942=ORIENTED_EDGE('',*,*,#1434,.T.);
#943=ORIENTED_EDGE('',*,*,#1300,.T.);
#944=ORIENTED_EDGE('',*,*,#1169,.T.);
#945=ORIENTED_EDGE('',*,*,#1387,.T.);
#946=ORIENTED_EDGE('',*,*,#1435,.T.);
#947=ORIENTED_EDGE('',*,*,#1176,.F.);
#948=ORIENTED_EDGE('',*,*,#1436,.T.);
#949=ORIENTED_EDGE('',*,*,#1174,.T.);
#950=ORIENTED_EDGE('',*,*,#1437,.T.);
#951=ORIENTED_EDGE('',*,*,#1389,.F.);
#952=ORIENTED_EDGE('',*,*,#1438,.T.);
#953=ORIENTED_EDGE('',*,*,#1433,.F.);
#954=ORIENTED_EDGE('',*,*,#1439,.T.);
#955=ORIENTED_EDGE('',*,*,#1180,.T.);
#956=ORIENTED_EDGE('',*,*,#1440,.T.);
#957=ORIENTED_EDGE('',*,*,#1393,.T.);
#958=ORIENTED_EDGE('',*,*,#1441,.T.);
#959=ORIENTED_EDGE('',*,*,#1178,.F.);
#960=ORIENTED_EDGE('',*,*,#1442,.T.);
#961=ORIENTED_EDGE('',*,*,#1443,.T.);
#962=ORIENTED_EDGE('',*,*,#1405,.T.);
#963=ORIENTED_EDGE('',*,*,#1444,.F.);
#964=ORIENTED_EDGE('',*,*,#1397,.F.);
#965=ORIENTED_EDGE('',*,*,#1079,.T.);
#966=ORIENTED_EDGE('',*,*,#1402,.T.);
#967=ORIENTED_EDGE('',*,*,#1443,.F.);
#968=ORIENTED_EDGE('',*,*,#1396,.F.);
#969=ORIENTED_EDGE('',*,*,#1398,.T.);
#970=ORIENTED_EDGE('',*,*,#1444,.T.);
#971=ORIENTED_EDGE('',*,*,#1404,.F.);
#972=ORIENTED_EDGE('',*,*,#1068,.F.);
#973=ORIENTED_EDGE('',*,*,#1055,.T.);
#974=ORIENTED_EDGE('',*,*,#1445,.T.);
#975=ORIENTED_EDGE('',*,*,#1064,.F.);
#976=ORIENTED_EDGE('',*,*,#1446,.F.);
#977=ORIENTED_EDGE('',*,*,#1446,.T.);
#978=ORIENTED_EDGE('',*,*,#1063,.T.);
#979=ORIENTED_EDGE('',*,*,#1447,.F.);
#980=ORIENTED_EDGE('',*,*,#1056,.F.);
#981=ORIENTED_EDGE('',*,*,#1447,.T.);
#982=ORIENTED_EDGE('',*,*,#1066,.T.);
#983=ORIENTED_EDGE('',*,*,#1448,.F.);
#984=ORIENTED_EDGE('',*,*,#1057,.F.);
#985=ORIENTED_EDGE('',*,*,#1058,.T.);
#986=ORIENTED_EDGE('',*,*,#1448,.T.);
#987=ORIENTED_EDGE('',*,*,#1065,.F.);
#988=ORIENTED_EDGE('',*,*,#1445,.F.);
#989=ORIENTED_EDGE('',*,*,#1370,.F.);
#990=ORIENTED_EDGE('',*,*,#1422,.F.);
#991=ORIENTED_EDGE('',*,*,#1186,.F.);
#992=ORIENTED_EDGE('',*,*,#1424,.F.);
#993=ORIENTED_EDGE('',*,*,#1377,.F.);
#994=ORIENTED_EDGE('',*,*,#1428,.F.);
#995=ORIENTED_EDGE('',*,*,#1188,.F.);
#996=ORIENTED_EDGE('',*,*,#1423,.F.);
#997=ORIENTED_EDGE('',*,*,#1419,.F.);
#998=ORIENTED_EDGE('',*,*,#1426,.F.);
#999=ORIENTED_EDGE('',*,*,#1190,.F.);
#1000=ORIENTED_EDGE('',*,*,#1429,.F.);
#1001=ORIENTED_EDGE('',*,*,#1375,.F.);
#1002=ORIENTED_EDGE('',*,*,#1157,.F.);
#1003=ORIENTED_EDGE('',*,*,#1421,.F.);
#1004=ORIENTED_EDGE('',*,*,#1354,.F.);
#1005=ORIENTED_EDGE('',*,*,#1357,.F.);
#1006=ORIENTED_EDGE('',*,*,#1359,.F.);
#1007=ORIENTED_EDGE('',*,*,#1360,.F.);
#1008=ORIENTED_EDGE('',*,*,#1351,.F.);
#1009=ORIENTED_EDGE('',*,*,#1372,.F.);
#1010=ORIENTED_EDGE('',*,*,#1425,.F.);
#1011=ORIENTED_EDGE('',*,*,#1192,.F.);
#1012=ORIENTED_EDGE('',*,*,#1427,.F.);
#1013=ORIENTED_EDGE('',*,*,#1420,.F.);
#1014=ORIENTED_EDGE('',*,*,#1153,.F.);
#1015=ORIENTED_EDGE('',*,*,#1333,.T.);
#1016=ORIENTED_EDGE('',*,*,#1336,.F.);
#1017=ORIENTED_EDGE('',*,*,#1337,.T.);
#1018=ORIENTED_EDGE('',*,*,#1331,.F.);
#1019=ORIENTED_EDGE('',*,*,#1390,.F.);
#1020=ORIENTED_EDGE('',*,*,#1437,.F.);
#1021=ORIENTED_EDGE('',*,*,#1181,.F.);
#1022=ORIENTED_EDGE('',*,*,#1439,.F.);
#1023=ORIENTED_EDGE('',*,*,#1432,.F.);
#1024=ORIENTED_EDGE('',*,*,#1319,.F.);
#1025=ORIENTED_EDGE('',*,*,#1322,.F.);
#1026=ORIENTED_EDGE('',*,*,#1324,.F.);
#1027=ORIENTED_EDGE('',*,*,#1325,.F.);
#1028=ORIENTED_EDGE('',*,*,#1316,.F.);
#1029=ORIENTED_EDGE('',*,*,#1431,.F.);
#1030=ORIENTED_EDGE('',*,*,#1166,.F.);
#1031=ORIENTED_EDGE('',*,*,#1434,.F.);
#1032=ORIENTED_EDGE('',*,*,#1440,.F.);
#1033=ORIENTED_EDGE('',*,*,#1179,.F.);
#1034=ORIENTED_EDGE('',*,*,#1441,.F.);
#1035=ORIENTED_EDGE('',*,*,#1392,.F.);
#1036=ORIENTED_EDGE('',*,*,#1145,.F.);
#1037=ORIENTED_EDGE('',*,*,#1430,.F.);
#1038=ORIENTED_EDGE('',*,*,#1304,.F.);
#1039=ORIENTED_EDGE('',*,*,#1307,.F.);
#1040=ORIENTED_EDGE('',*,*,#1309,.F.);
#1041=ORIENTED_EDGE('',*,*,#1310,.F.);
#1042=ORIENTED_EDGE('',*,*,#1301,.F.);
#1043=ORIENTED_EDGE('',*,*,#1394,.F.);
#1044=ORIENTED_EDGE('',*,*,#1442,.F.);
#1045=ORIENTED_EDGE('',*,*,#1177,.F.);
#1046=ORIENTED_EDGE('',*,*,#1435,.F.);
#1047=ORIENTED_EDGE('',*,*,#1388,.F.);
#1048=ORIENTED_EDGE('',*,*,#1436,.F.);
#1049=ORIENTED_EDGE('',*,*,#1175,.F.);
#1050=ORIENTED_EDGE('',*,*,#1438,.F.);
#1051=EDGE_CURVE('',#1449,#1450,#1719,.T.);
#1052=EDGE_CURVE('',#1450,#1451,#1720,.T.);
#1053=EDGE_CURVE('',#1452,#1451,#1721,.T.);
#1054=EDGE_CURVE('',#1449,#1452,#1722,.T.);
#1055=EDGE_CURVE('',#1453,#1454,#1723,.T.);
#1056=EDGE_CURVE('',#1453,#1455,#1724,.T.);
#1057=EDGE_CURVE('',#1455,#1456,#1725,.T.);
#1058=EDGE_CURVE('',#1454,#1456,#1726,.T.);
#1059=EDGE_CURVE('',#1457,#1458,#1727,.T.);
#1060=EDGE_CURVE('',#1459,#1457,#1728,.T.);
#1061=EDGE_CURVE('',#1459,#1460,#1729,.T.);
#1062=EDGE_CURVE('',#1460,#1458,#1730,.T.);
#1063=EDGE_CURVE('',#1461,#1462,#1731,.T.);
#1064=EDGE_CURVE('',#1461,#1463,#1732,.T.);
#1065=EDGE_CURVE('',#1463,#1464,#1733,.T.);
#1066=EDGE_CURVE('',#1462,#1464,#1734,.T.);
#1067=EDGE_CURVE('',#1465,#1466,#1735,.T.);
#1068=EDGE_CURVE('',#1466,#1467,#1736,.T.);
#1069=EDGE_CURVE('',#1468,#1467,#1737,.T.);
#1070=EDGE_CURVE('',#1460,#1468,#1738,.T.);
#1071=EDGE_CURVE('',#1469,#1459,#1739,.T.);
#1072=EDGE_CURVE('',#1470,#1469,#1740,.T.);
#1073=EDGE_CURVE('',#1471,#1470,#1741,.T.);
#1074=EDGE_CURVE('',#1472,#1471,#1742,.T.);
#1075=EDGE_CURVE('',#1473,#1472,#1743,.T.);
#1076=EDGE_CURVE('',#1474,#1473,#1744,.T.);
#1077=EDGE_CURVE('',#1475,#1474,#1745,.T.);
#1078=EDGE_CURVE('',#1476,#1475,#1746,.T.);
#1079=EDGE_CURVE('',#1477,#1476,#1747,.T.);
#1080=EDGE_CURVE('',#1477,#1478,#1748,.T.);
#1081=EDGE_CURVE('',#1478,#1479,#1749,.T.);
#1082=EDGE_CURVE('',#1479,#1480,#1750,.T.);
#1083=EDGE_CURVE('',#1480,#1481,#1751,.T.);
#1084=EDGE_CURVE('',#1481,#1482,#1752,.T.);
#1085=EDGE_CURVE('',#1482,#1483,#1753,.T.);
#1086=EDGE_CURVE('',#1483,#1484,#1754,.T.);
#1087=EDGE_CURVE('',#1484,#1449,#1755,.T.);
#1088=EDGE_CURVE('',#1452,#1465,#1756,.T.);
#1089=EDGE_CURVE('',#1485,#1486,#153,.T.);
#1090=EDGE_CURVE('',#1487,#1485,#1757,.T.);
#1091=EDGE_CURVE('',#1488,#1487,#154,.T.);
#1092=EDGE_CURVE('',#1486,#1488,#1758,.T.);
#1093=EDGE_CURVE('',#1489,#1490,#155,.T.);
#1094=EDGE_CURVE('',#1491,#1489,#1759,.T.);
#1095=EDGE_CURVE('',#1492,#1491,#156,.T.);
#1096=EDGE_CURVE('',#1490,#1492,#1760,.T.);
#1097=EDGE_CURVE('',#1493,#1494,#157,.T.);
#1098=EDGE_CURVE('',#1495,#1493,#1761,.T.);
#1099=EDGE_CURVE('',#1496,#1495,#158,.T.);
#1100=EDGE_CURVE('',#1494,#1496,#1762,.T.);
#1101=EDGE_CURVE('',#1497,#1498,#159,.T.);
#1102=EDGE_CURVE('',#1499,#1497,#1763,.T.);
#1103=EDGE_CURVE('',#1500,#1499,#160,.T.);
#1104=EDGE_CURVE('',#1498,#1500,#1764,.T.);
#1105=EDGE_CURVE('',#1501,#1502,#161,.T.);
#1106=EDGE_CURVE('',#1503,#1501,#1765,.T.);
#1107=EDGE_CURVE('',#1504,#1503,#162,.T.);
#1108=EDGE_CURVE('',#1502,#1504,#1766,.T.);
#1109=EDGE_CURVE('',#1505,#1505,#163,.T.);
#1110=EDGE_CURVE('',#1506,#1506,#164,.T.);
#1111=EDGE_CURVE('',#1507,#1508,#165,.T.);
#1112=EDGE_CURVE('',#1509,#1507,#1767,.T.);
#1113=EDGE_CURVE('',#1510,#1509,#166,.T.);
#1114=EDGE_CURVE('',#1508,#1510,#1768,.T.);
#1115=EDGE_CURVE('',#1511,#1512,#167,.T.);
#1116=EDGE_CURVE('',#1513,#1511,#1769,.T.);
#1117=EDGE_CURVE('',#1514,#1513,#168,.T.);
#1118=EDGE_CURVE('',#1512,#1514,#1770,.T.);
#1119=EDGE_CURVE('',#1515,#1515,#169,.T.);
#1120=EDGE_CURVE('',#1516,#1516,#170,.T.);
#1121=EDGE_CURVE('',#1517,#1518,#171,.T.);
#1122=EDGE_CURVE('',#1519,#1517,#1771,.T.);
#1123=EDGE_CURVE('',#1520,#1519,#172,.T.);
#1124=EDGE_CURVE('',#1518,#1520,#1772,.T.);
#1125=EDGE_CURVE('',#1521,#1522,#173,.T.);
#1126=EDGE_CURVE('',#1523,#1521,#1773,.T.);
#1127=EDGE_CURVE('',#1524,#1523,#174,.T.);
#1128=EDGE_CURVE('',#1522,#1524,#1774,.T.);
#1129=EDGE_CURVE('',#1525,#1526,#175,.T.);
#1130=EDGE_CURVE('',#1527,#1525,#1775,.T.);
#1131=EDGE_CURVE('',#1528,#1527,#176,.T.);
#1132=EDGE_CURVE('',#1526,#1528,#1776,.T.);
#1133=EDGE_CURVE('',#1529,#1529,#177,.T.);
#1134=EDGE_CURVE('',#1530,#1530,#178,.T.);
#1135=EDGE_CURVE('',#1531,#1531,#179,.T.);
#1136=EDGE_CURVE('',#1532,#1533,#180,.F.);
#1137=EDGE_CURVE('',#1534,#1532,#1777,.T.);
#1138=EDGE_CURVE('',#1535,#1534,#181,.F.);
#1139=EDGE_CURVE('',#1533,#1535,#1778,.T.);
#1140=EDGE_CURVE('',#1536,#1537,#182,.F.);
#1141=EDGE_CURVE('',#1538,#1536,#1779,.T.);
#1142=EDGE_CURVE('',#1539,#1538,#183,.F.);
#1143=EDGE_CURVE('',#1537,#1539,#1780,.T.);
#1144=EDGE_CURVE('',#1540,#1541,#1781,.T.);
#1145=EDGE_CURVE('',#1540,#1542,#1782,.T.);
#1146=EDGE_CURVE('',#1543,#1542,#1783,.T.);
#1147=EDGE_CURVE('',#1544,#1543,#1784,.T.);
#1148=EDGE_CURVE('',#1545,#1544,#1785,.T.);
#1149=EDGE_CURVE('',#1451,#1545,#1786,.T.);
#1150=EDGE_CURVE('',#1546,#1450,#1787,.T.);
#1151=EDGE_CURVE('',#1547,#1546,#1788,.T.);
#1152=EDGE_CURVE('',#1548,#1547,#1789,.T.);
#1153=EDGE_CURVE('',#1548,#1549,#1790,.T.);
#1154=EDGE_CURVE('',#1550,#1549,#1791,.T.);
#1155=EDGE_CURVE('',#1551,#1550,#184,.F.);
#1156=EDGE_CURVE('',#1552,#1551,#1792,.T.);
#1157=EDGE_CURVE('',#1552,#1553,#1793,.T.);
#1158=EDGE_CURVE('',#1554,#1553,#1794,.T.);
#1159=EDGE_CURVE('',#1555,#1554,#1795,.T.);
#1160=EDGE_CURVE('',#1555,#1556,#1796,.T.);
#1161=EDGE_CURVE('',#1557,#1556,#1797,.T.);
#1162=EDGE_CURVE('',#1557,#1558,#1798,.T.);
#1163=EDGE_CURVE('',#1559,#1558,#1799,.T.);
#1164=EDGE_CURVE('',#1560,#1559,#1800,.T.);
#1165=EDGE_CURVE('',#1561,#1560,#1801,.T.);
#1166=EDGE_CURVE('',#1561,#1562,#1802,.T.);
#1167=EDGE_CURVE('',#1563,#1562,#1803,.T.);
#1168=EDGE_CURVE('',#1564,#1563,#185,.F.);
#1169=EDGE_CURVE('',#1565,#1564,#1804,.T.);
#1170=EDGE_CURVE('',#1541,#1565,#186,.F.);
#1171=EDGE_CURVE('',#1566,#1567,#1805,.T.);
#1172=EDGE_CURVE('',#1474,#1566,#1806,.T.);
#1173=EDGE_CURVE('',#1473,#1567,#1807,.T.);
#1174=EDGE_CURVE('',#1568,#1569,#1808,.T.);
#1175=EDGE_CURVE('',#1568,#1570,#187,.F.);
#1176=EDGE_CURVE('',#1570,#1571,#1809,.T.);
#1177=EDGE_CURVE('',#1571,#1572,#188,.F.);
#1178=EDGE_CURVE('',#1572,#1573,#1810,.T.);
#1179=EDGE_CURVE('',#1573,#1574,#189,.F.);
#1180=EDGE_CURVE('',#1575,#1574,#1811,.T.);
#1181=EDGE_CURVE('',#1575,#1569,#190,.F.);
#1182=EDGE_CURVE('',#1576,#1577,#1812,.T.);
#1183=EDGE_CURVE('',#1471,#1576,#1813,.T.);
#1184=EDGE_CURVE('',#1470,#1577,#1814,.T.);
#1185=EDGE_CURVE('',#1578,#1579,#1815,.T.);
#1186=EDGE_CURVE('',#1578,#1580,#191,.F.);
#1187=EDGE_CURVE('',#1580,#1581,#1816,.T.);
#1188=EDGE_CURVE('',#1581,#1582,#192,.F.);
#1189=EDGE_CURVE('',#1582,#1583,#1817,.T.);
#1190=EDGE_CURVE('',#1583,#1584,#193,.F.);
#1191=EDGE_CURVE('',#1585,#1584,#1818,.T.);
#1192=EDGE_CURVE('',#1585,#1579,#194,.F.);
#1193=EDGE_CURVE('',#1586,#1576,#1819,.T.);
#1194=EDGE_CURVE('',#1472,#1586,#1820,.T.);
#1195=EDGE_CURVE('',#1587,#1588,#1821,.T.);
#1196=EDGE_CURVE('',#1587,#1589,#195,.F.);
#1197=EDGE_CURVE('',#1589,#1590,#1822,.T.);
#1198=EDGE_CURVE('',#1590,#1591,#196,.F.);
#1199=EDGE_CURVE('',#1591,#1592,#1823,.T.);
#1200=EDGE_CURVE('',#1592,#1593,#197,.F.);
#1201=EDGE_CURVE('',#1594,#1593,#1824,.T.);
#1202=EDGE_CURVE('',#1594,#1588,#198,.F.);
#1203=EDGE_CURVE('',#1595,#1596,#1825,.T.);
#1204=EDGE_CURVE('',#1596,#1597,#199,.T.);
#1205=EDGE_CURVE('',#1597,#1598,#1826,.T.);
#1206=EDGE_CURVE('',#1598,#1595,#200,.T.);
#1207=EDGE_CURVE('',#1599,#1600,#1827,.T.);
#1208=EDGE_CURVE('',#1600,#1601,#201,.T.);
#1209=EDGE_CURVE('',#1601,#1602,#1828,.T.);
#1210=EDGE_CURVE('',#1602,#1599,#202,.T.);
#1211=EDGE_CURVE('',#1603,#1604,#1829,.T.);
#1212=EDGE_CURVE('',#1604,#1605,#203,.T.);
#1213=EDGE_CURVE('',#1605,#1606,#1830,.T.);
#1214=EDGE_CURVE('',#1606,#1603,#204,.T.);
#1215=EDGE_CURVE('',#1607,#1608,#1831,.T.);
#1216=EDGE_CURVE('',#1608,#1609,#205,.T.);
#1217=EDGE_CURVE('',#1609,#1610,#1832,.T.);
#1218=EDGE_CURVE('',#1610,#1607,#206,.T.);
#1219=EDGE_CURVE('',#1611,#1612,#1833,.T.);
#1220=EDGE_CURVE('',#1612,#1613,#207,.T.);
#1221=EDGE_CURVE('',#1613,#1614,#1834,.T.);
#1222=EDGE_CURVE('',#1614,#1611,#208,.T.);
#1223=EDGE_CURVE('',#1615,#1616,#1835,.T.);
#1224=EDGE_CURVE('',#1616,#1617,#209,.F.);
#1225=EDGE_CURVE('',#1617,#1618,#1836,.T.);
#1226=EDGE_CURVE('',#1618,#1615,#210,.F.);
#1227=EDGE_CURVE('',#1619,#1619,#211,.T.);
#1228=EDGE_CURVE('',#1620,#1620,#212,.T.);
#1229=EDGE_CURVE('',#1621,#1622,#1837,.T.);
#1230=EDGE_CURVE('',#1622,#1623,#213,.T.);
#1231=EDGE_CURVE('',#1623,#1624,#1838,.T.);
#1232=EDGE_CURVE('',#1624,#1621,#214,.T.);
#1233=EDGE_CURVE('',#1625,#1626,#1839,.T.);
#1234=EDGE_CURVE('',#1626,#1627,#215,.F.);
#1235=EDGE_CURVE('',#1627,#1628,#1840,.T.);
#1236=EDGE_CURVE('',#1628,#1625,#216,.F.);
#1237=EDGE_CURVE('',#1629,#1630,#1841,.T.);
#1238=EDGE_CURVE('',#1630,#1631,#217,.T.);
#1239=EDGE_CURVE('',#1631,#1632,#1842,.T.);
#1240=EDGE_CURVE('',#1632,#1629,#218,.T.);
#1241=EDGE_CURVE('',#1633,#1633,#219,.T.);
#1242=EDGE_CURVE('',#1634,#1635,#1843,.T.);
#1243=EDGE_CURVE('',#1635,#1636,#220,.F.);
#1244=EDGE_CURVE('',#1636,#1637,#1844,.T.);
#1245=EDGE_CURVE('',#1637,#1634,#221,.F.);
#1246=EDGE_CURVE('',#1638,#1638,#222,.T.);
#1247=EDGE_CURVE('',#1639,#1640,#1845,.T.);
#1248=EDGE_CURVE('',#1640,#1641,#223,.T.);
#1249=EDGE_CURVE('',#1641,#1642,#1846,.T.);
#1250=EDGE_CURVE('',#1642,#1639,#224,.T.);
#1251=EDGE_CURVE('',#1643,#1644,#1847,.T.);
#1252=EDGE_CURVE('',#1644,#1645,#225,.T.);
#1253=EDGE_CURVE('',#1645,#1646,#1848,.T.);
#1254=EDGE_CURVE('',#1646,#1643,#226,.T.);
#1255=EDGE_CURVE('',#1647,#1648,#1849,.T.);
#1256=EDGE_CURVE('',#1648,#1649,#227,.T.);
#1257=EDGE_CURVE('',#1649,#1650,#1850,.T.);
#1258=EDGE_CURVE('',#1650,#1647,#228,.T.);
#1259=EDGE_CURVE('',#1651,#1651,#229,.T.);
#1260=EDGE_CURVE('',#1652,#1652,#230,.T.);
#1261=EDGE_CURVE('',#1653,#1654,#1851,.T.);
#1262=EDGE_CURVE('',#1654,#1655,#231,.F.);
#1263=EDGE_CURVE('',#1655,#1656,#1852,.T.);
#1264=EDGE_CURVE('',#1656,#1653,#232,.F.);
#1265=EDGE_CURVE('',#1657,#1657,#233,.T.);
#1266=EDGE_CURVE('',#1658,#1659,#1853,.T.);
#1267=EDGE_CURVE('',#1659,#1660,#234,.F.);
#1268=EDGE_CURVE('',#1660,#1661,#1854,.T.);
#1269=EDGE_CURVE('',#1661,#1658,#235,.F.);
#1270=EDGE_CURVE('',#1662,#1663,#1855,.T.);
#1271=EDGE_CURVE('',#1663,#1664,#236,.F.);
#1272=EDGE_CURVE('',#1664,#1665,#1856,.T.);
#1273=EDGE_CURVE('',#1665,#1662,#237,.F.);
#1274=EDGE_CURVE('',#1577,#1666,#1857,.T.);
#1275=EDGE_CURVE('',#1666,#1457,#1858,.T.);
#1276=EDGE_CURVE('',#1458,#1667,#1859,.T.);
#1277=EDGE_CURVE('',#1667,#1668,#1860,.T.);
#1278=EDGE_CURVE('',#1668,#1566,#1861,.T.);
#1279=EDGE_CURVE('',#1567,#1586,#1862,.T.);
#1280=EDGE_CURVE('',#1598,#1485,#1863,.T.);
#1281=EDGE_CURVE('',#1595,#1486,#1864,.T.);
#1282=EDGE_CURVE('',#1597,#1487,#1865,.T.);
#1283=EDGE_CURVE('',#1596,#1488,#1866,.T.);
#1284=EDGE_CURVE('',#1602,#1489,#1867,.T.);
#1285=EDGE_CURVE('',#1599,#1490,#1868,.T.);
#1286=EDGE_CURVE('',#1601,#1491,#1869,.T.);
#1287=EDGE_CURVE('',#1600,#1492,#1870,.T.);
#1288=EDGE_CURVE('',#1606,#1493,#1871,.T.);
#1289=EDGE_CURVE('',#1603,#1494,#1872,.T.);
#1290=EDGE_CURVE('',#1605,#1495,#1873,.T.);
#1291=EDGE_CURVE('',#1604,#1496,#1874,.T.);
#1292=EDGE_CURVE('',#1610,#1497,#1875,.T.);
#1293=EDGE_CURVE('',#1607,#1498,#1876,.T.);
#1294=EDGE_CURVE('',#1609,#1499,#1877,.T.);
#1295=EDGE_CURVE('',#1608,#1500,#1878,.T.);
#1296=EDGE_CURVE('',#1614,#1501,#1879,.T.);
#1297=EDGE_CURVE('',#1611,#1502,#1880,.T.);
#1298=EDGE_CURVE('',#1613,#1503,#1881,.T.);
#1299=EDGE_CURVE('',#1612,#1504,#1882,.T.);
#1300=EDGE_CURVE('',#1669,#1565,#1883,.F.);
#1301=EDGE_CURVE('',#1669,#1670,#20,.T.);
#1302=EDGE_CURVE('',#1615,#1670,#1884,.F.);
#1303=EDGE_CURVE('',#1618,#1671,#1885,.F.);
#1304=EDGE_CURVE('',#1671,#1672,#21,.T.);
#1305=EDGE_CURVE('',#1541,#1672,#1886,.T.);
#1306=EDGE_CURVE('',#1617,#1673,#1887,.F.);
#1307=EDGE_CURVE('',#1673,#1671,#1888,.F.);
#1308=EDGE_CURVE('',#1616,#1674,#1889,.F.);
#1309=EDGE_CURVE('',#1674,#1673,#22,.T.);
#1310=EDGE_CURVE('',#1670,#1674,#1890,.T.);
#1311=EDGE_CURVE('',#1624,#1507,#1891,.T.);
#1312=EDGE_CURVE('',#1621,#1508,#1892,.T.);
#1313=EDGE_CURVE('',#1623,#1509,#1893,.T.);
#1314=EDGE_CURVE('',#1622,#1510,#1894,.T.);
#1315=EDGE_CURVE('',#1675,#1563,#1895,.F.);
#1316=EDGE_CURVE('',#1675,#1676,#23,.T.);
#1317=EDGE_CURVE('',#1625,#1676,#1896,.F.);
#1318=EDGE_CURVE('',#1628,#1677,#1897,.F.);
#1319=EDGE_CURVE('',#1677,#1678,#24,.T.);
#1320=EDGE_CURVE('',#1564,#1678,#1898,.T.);
#1321=EDGE_CURVE('',#1627,#1679,#1899,.F.);
#1322=EDGE_CURVE('',#1679,#1677,#1900,.T.);
#1323=EDGE_CURVE('',#1626,#1680,#1901,.F.);
#1324=EDGE_CURVE('',#1680,#1679,#25,.T.);
#1325=EDGE_CURVE('',#1676,#1680,#1902,.F.);
#1326=EDGE_CURVE('',#1632,#1511,#1903,.T.);
#1327=EDGE_CURVE('',#1629,#1512,#1904,.T.);
#1328=EDGE_CURVE('',#1631,#1513,#1905,.T.);
#1329=EDGE_CURVE('',#1630,#1514,#1906,.T.);
#1330=EDGE_CURVE('',#1637,#1681,#1907,.F.);
#1331=EDGE_CURVE('',#1681,#1682,#26,.T.);
#1332=EDGE_CURVE('',#1634,#1682,#1908,.F.);
#1333=EDGE_CURVE('',#1681,#1683,#12,.T.);
#1334=EDGE_CURVE('',#1636,#1683,#1909,.F.);
#1335=EDGE_CURVE('',#1635,#1684,#1910,.F.);
#1336=EDGE_CURVE('',#1684,#1683,#27,.T.);
#1337=EDGE_CURVE('',#1684,#1682,#13,.T.);
#1338=EDGE_CURVE('',#1642,#1517,#1911,.T.);
#1339=EDGE_CURVE('',#1639,#1518,#1912,.T.);
#1340=EDGE_CURVE('',#1641,#1519,#1913,.T.);
#1341=EDGE_CURVE('',#1640,#1520,#1914,.T.);
#1342=EDGE_CURVE('',#1646,#1521,#1915,.T.);
#1343=EDGE_CURVE('',#1643,#1522,#1916,.T.);
#1344=EDGE_CURVE('',#1645,#1523,#1917,.T.);
#1345=EDGE_CURVE('',#1644,#1524,#1918,.T.);
#1346=EDGE_CURVE('',#1650,#1525,#1919,.T.);
#1347=EDGE_CURVE('',#1647,#1526,#1920,.T.);
#1348=EDGE_CURVE('',#1649,#1527,#1921,.T.);
#1349=EDGE_CURVE('',#1648,#1528,#1922,.T.);
#1350=EDGE_CURVE('',#1685,#1550,#1923,.F.);
#1351=EDGE_CURVE('',#1685,#1686,#28,.T.);
#1352=EDGE_CURVE('',#1653,#1686,#1924,.F.);
#1353=EDGE_CURVE('',#1656,#1687,#1925,.F.);
#1354=EDGE_CURVE('',#1687,#1688,#29,.T.);
#1355=EDGE_CURVE('',#1551,#1688,#1926,.T.);
#1356=EDGE_CURVE('',#1655,#1689,#1927,.F.);
#1357=EDGE_CURVE('',#1689,#1687,#14,.F.);
#1358=EDGE_CURVE('',#1654,#1690,#1928,.F.);
#1359=EDGE_CURVE('',#1690,#1689,#30,.T.);
#1360=EDGE_CURVE('',#1686,#1690,#15,.F.);
#1361=EDGE_CURVE('',#1661,#1532,#1929,.F.);
#1362=EDGE_CURVE('',#1658,#1533,#1930,.F.);
#1363=EDGE_CURVE('',#1660,#1534,#1931,.F.);
#1364=EDGE_CURVE('',#1659,#1535,#1932,.F.);
#1365=EDGE_CURVE('',#1665,#1536,#1933,.F.);
#1366=EDGE_CURVE('',#1662,#1537,#1934,.F.);
#1367=EDGE_CURVE('',#1664,#1538,#1935,.F.);
#1368=EDGE_CURVE('',#1663,#1539,#1936,.F.);
#1369=EDGE_CURVE('',#1691,#1692,#1937,.T.);
#1370=EDGE_CURVE('',#1691,#1693,#16,.T.);
#1371=EDGE_CURVE('',#1693,#1694,#1938,.T.);
#1372=EDGE_CURVE('',#1694,#1548,#17,.T.);
#1373=EDGE_CURVE('',#1483,#1547,#1939,.T.);
#1374=EDGE_CURVE('',#1482,#1554,#1940,.T.);
#1375=EDGE_CURVE('',#1553,#1695,#18,.T.);
#1376=EDGE_CURVE('',#1696,#1695,#1941,.T.);
#1377=EDGE_CURVE('',#1696,#1692,#19,.T.);
#1378=EDGE_CURVE('',#1697,#1698,#1942,.T.);
#1379=EDGE_CURVE('',#1697,#1699,#238,.T.);
#1380=EDGE_CURVE('',#1699,#1700,#1943,.T.);
#1381=EDGE_CURVE('',#1700,#1555,#239,.T.);
#1382=EDGE_CURVE('',#1481,#1559,#1944,.T.);
#1383=EDGE_CURVE('',#1558,#1701,#240,.T.);
#1384=EDGE_CURVE('',#1702,#1701,#1945,.T.);
#1385=EDGE_CURVE('',#1702,#1698,#241,.T.);
#1386=EDGE_CURVE('',#1480,#1560,#1946,.T.);
#1387=EDGE_CURVE('',#1703,#1704,#1947,.T.);
#1388=EDGE_CURVE('',#1703,#1705,#242,.T.);
#1389=EDGE_CURVE('',#1705,#1706,#1948,.T.);
#1390=EDGE_CURVE('',#1706,#1561,#243,.T.);
#1391=EDGE_CURVE('',#1479,#1543,#1949,.T.);
#1392=EDGE_CURVE('',#1542,#1707,#244,.T.);
#1393=EDGE_CURVE('',#1708,#1707,#1950,.T.);
#1394=EDGE_CURVE('',#1708,#1704,#245,.T.);
#1395=EDGE_CURVE('',#1478,#1544,#1951,.T.);
#1396=EDGE_CURVE('',#1477,#1709,#1952,.T.);
#1397=EDGE_CURVE('',#1709,#1710,#1953,.T.);
#1398=EDGE_CURVE('',#1466,#1710,#1954,.T.);
#1399=EDGE_CURVE('',#1465,#1545,#1955,.T.);
#1400=EDGE_CURVE('',#1484,#1546,#1956,.T.);
#1401=EDGE_CURVE('',#1475,#1668,#1957,.T.);
#1402=EDGE_CURVE('',#1476,#1711,#1958,.T.);
#1403=EDGE_CURVE('',#1468,#1667,#1959,.T.);
#1404=EDGE_CURVE('',#1467,#1712,#1960,.T.);
#1405=EDGE_CURVE('',#1711,#1712,#1961,.T.);
#1406=EDGE_CURVE('',#1469,#1666,#1962,.T.);
#1407=EDGE_CURVE('',#1713,#1714,#1963,.T.);
#1408=EDGE_CURVE('',#1714,#1557,#246,.T.);
#1409=EDGE_CURVE('',#1556,#1713,#247,.T.);
#1410=EDGE_CURVE('',#1698,#1590,#1964,.T.);
#1411=EDGE_CURVE('',#1589,#1697,#1965,.F.);
#1412=EDGE_CURVE('',#1699,#1587,#1966,.T.);
#1413=EDGE_CURVE('',#1588,#1700,#1967,.F.);
#1414=EDGE_CURVE('',#1591,#1702,#1968,.F.);
#1415=EDGE_CURVE('',#1701,#1592,#1969,.T.);
#1416=EDGE_CURVE('',#1593,#1714,#1970,.F.);
#1417=EDGE_CURVE('',#1713,#1594,#1971,.T.);
#1418=EDGE_CURVE('',#1715,#1716,#1972,.T.);
#1419=EDGE_CURVE('',#1716,#1685,#248,.T.);
#1420=EDGE_CURVE('',#1549,#1715,#249,.T.);
#1421=EDGE_CURVE('',#1688,#1552,#250,.T.);
#1422=EDGE_CURVE('',#1580,#1691,#1973,.F.);
#1423=EDGE_CURVE('',#1692,#1581,#1974,.T.);
#1424=EDGE_CURVE('',#1693,#1578,#1975,.T.);
#1425=EDGE_CURVE('',#1579,#1694,#1976,.F.);
#1426=EDGE_CURVE('',#1584,#1716,#1977,.F.);
#1427=EDGE_CURVE('',#1715,#1585,#1978,.T.);
#1428=EDGE_CURVE('',#1582,#1696,#1979,.F.);
#1429=EDGE_CURVE('',#1695,#1583,#1980,.T.);
#1430=EDGE_CURVE('',#1672,#1540,#251,.T.);
#1431=EDGE_CURVE('',#1562,#1675,#252,.T.);
#1432=EDGE_CURVE('',#1678,#1717,#253,.T.);
#1433=EDGE_CURVE('',#1717,#1718,#1981,.T.);
#1434=EDGE_CURVE('',#1718,#1669,#254,.T.);
#1435=EDGE_CURVE('',#1704,#1571,#1982,.T.);
#1436=EDGE_CURVE('',#1570,#1703,#1983,.F.);
#1437=EDGE_CURVE('',#1569,#1706,#1984,.F.);
#1438=EDGE_CURVE('',#1705,#1568,#1985,.T.);
#1439=EDGE_CURVE('',#1717,#1575,#1986,.T.);
#1440=EDGE_CURVE('',#1574,#1718,#1987,.F.);
#1441=EDGE_CURVE('',#1707,#1573,#1988,.T.);
#1442=EDGE_CURVE('',#1572,#1708,#1989,.F.);
#1443=EDGE_CURVE('',#1709,#1711,#1990,.T.);
#1444=EDGE_CURVE('',#1710,#1712,#1991,.T.);
#1445=EDGE_CURVE('',#1454,#1463,#1992,.T.);
#1446=EDGE_CURVE('',#1453,#1461,#1993,.T.);
#1447=EDGE_CURVE('',#1455,#1462,#1994,.T.);
#1448=EDGE_CURVE('',#1456,#1464,#1995,.T.);
#1449=VERTEX_POINT('',#4301);
#1450=VERTEX_POINT('',#4302);
#1451=VERTEX_POINT('',#4304);
#1452=VERTEX_POINT('',#4306);
#1453=VERTEX_POINT('',#4309);
#1454=VERTEX_POINT('',#4310);
#1455=VERTEX_POINT('',#4312);
#1456=VERTEX_POINT('',#4314);
#1457=VERTEX_POINT('',#4318);
#1458=VERTEX_POINT('',#4319);
#1459=VERTEX_POINT('',#4321);
#1460=VERTEX_POINT('',#4323);
#1461=VERTEX_POINT('',#4326);
#1462=VERTEX_POINT('',#4327);
#1463=VERTEX_POINT('',#4329);
#1464=VERTEX_POINT('',#4331);
#1465=VERTEX_POINT('',#4335);
#1466=VERTEX_POINT('',#4336);
#1467=VERTEX_POINT('',#4338);
#1468=VERTEX_POINT('',#4340);
#1469=VERTEX_POINT('',#4343);
#1470=VERTEX_POINT('',#4345);
#1471=VERTEX_POINT('',#4347);
#1472=VERTEX_POINT('',#4349);
#1473=VERTEX_POINT('',#4351);
#1474=VERTEX_POINT('',#4353);
#1475=VERTEX_POINT('',#4355);
#1476=VERTEX_POINT('',#4357);
#1477=VERTEX_POINT('',#4359);
#1478=VERTEX_POINT('',#4361);
#1479=VERTEX_POINT('',#4363);
#1480=VERTEX_POINT('',#4365);
#1481=VERTEX_POINT('',#4367);
#1482=VERTEX_POINT('',#4369);
#1483=VERTEX_POINT('',#4371);
#1484=VERTEX_POINT('',#4373);
#1485=VERTEX_POINT('',#4378);
#1486=VERTEX_POINT('',#4379);
#1487=VERTEX_POINT('',#4381);
#1488=VERTEX_POINT('',#4383);
#1489=VERTEX_POINT('',#4386);
#1490=VERTEX_POINT('',#4387);
#1491=VERTEX_POINT('',#4389);
#1492=VERTEX_POINT('',#4391);
#1493=VERTEX_POINT('',#4394);
#1494=VERTEX_POINT('',#4395);
#1495=VERTEX_POINT('',#4397);
#1496=VERTEX_POINT('',#4399);
#1497=VERTEX_POINT('',#4402);
#1498=VERTEX_POINT('',#4403);
#1499=VERTEX_POINT('',#4405);
#1500=VERTEX_POINT('',#4407);
#1501=VERTEX_POINT('',#4410);
#1502=VERTEX_POINT('',#4411);
#1503=VERTEX_POINT('',#4413);
#1504=VERTEX_POINT('',#4415);
#1505=VERTEX_POINT('',#4418);
#1506=VERTEX_POINT('',#4420);
#1507=VERTEX_POINT('',#4422);
#1508=VERTEX_POINT('',#4423);
#1509=VERTEX_POINT('',#4425);
#1510=VERTEX_POINT('',#4427);
#1511=VERTEX_POINT('',#4430);
#1512=VERTEX_POINT('',#4431);
#1513=VERTEX_POINT('',#4433);
#1514=VERTEX_POINT('',#4435);
#1515=VERTEX_POINT('',#4438);
#1516=VERTEX_POINT('',#4440);
#1517=VERTEX_POINT('',#4442);
#1518=VERTEX_POINT('',#4443);
#1519=VERTEX_POINT('',#4445);
#1520=VERTEX_POINT('',#4447);
#1521=VERTEX_POINT('',#4450);
#1522=VERTEX_POINT('',#4451);
#1523=VERTEX_POINT('',#4453);
#1524=VERTEX_POINT('',#4455);
#1525=VERTEX_POINT('',#4458);
#1526=VERTEX_POINT('',#4459);
#1527=VERTEX_POINT('',#4461);
#1528=VERTEX_POINT('',#4463);
#1529=VERTEX_POINT('',#4466);
#1530=VERTEX_POINT('',#4468);
#1531=VERTEX_POINT('',#4470);
#1532=VERTEX_POINT('',#4472);
#1533=VERTEX_POINT('',#4473);
#1534=VERTEX_POINT('',#4475);
#1535=VERTEX_POINT('',#4477);
#1536=VERTEX_POINT('',#4480);
#1537=VERTEX_POINT('',#4481);
#1538=VERTEX_POINT('',#4483);
#1539=VERTEX_POINT('',#4485);
#1540=VERTEX_POINT('',#4488);
#1541=VERTEX_POINT('',#4489);
#1542=VERTEX_POINT('',#4491);
#1543=VERTEX_POINT('',#4493);
#1544=VERTEX_POINT('',#4495);
#1545=VERTEX_POINT('',#4497);
#1546=VERTEX_POINT('',#4500);
#1547=VERTEX_POINT('',#4502);
#1548=VERTEX_POINT('',#4504);
#1549=VERTEX_POINT('',#4506);
#1550=VERTEX_POINT('',#4508);
#1551=VERTEX_POINT('',#4510);
#1552=VERTEX_POINT('',#4512);
#1553=VERTEX_POINT('',#4514);
#1554=VERTEX_POINT('',#4516);
#1555=VERTEX_POINT('',#4518);
#1556=VERTEX_POINT('',#4520);
#1557=VERTEX_POINT('',#4522);
#1558=VERTEX_POINT('',#4524);
#1559=VERTEX_POINT('',#4526);
#1560=VERTEX_POINT('',#4528);
#1561=VERTEX_POINT('',#4530);
#1562=VERTEX_POINT('',#4532);
#1563=VERTEX_POINT('',#4534);
#1564=VERTEX_POINT('',#4536);
#1565=VERTEX_POINT('',#4538);
#1566=VERTEX_POINT('',#4542);
#1567=VERTEX_POINT('',#4543);
#1568=VERTEX_POINT('',#4547);
#1569=VERTEX_POINT('',#4548);
#1570=VERTEX_POINT('',#4550);
#1571=VERTEX_POINT('',#4552);
#1572=VERTEX_POINT('',#4554);
#1573=VERTEX_POINT('',#4556);
#1574=VERTEX_POINT('',#4558);
#1575=VERTEX_POINT('',#4560);
#1576=VERTEX_POINT('',#4564);
#1577=VERTEX_POINT('',#4565);
#1578=VERTEX_POINT('',#4569);
#1579=VERTEX_POINT('',#4570);
#1580=VERTEX_POINT('',#4572);
#1581=VERTEX_POINT('',#4574);
#1582=VERTEX_POINT('',#4576);
#1583=VERTEX_POINT('',#4578);
#1584=VERTEX_POINT('',#4580);
#1585=VERTEX_POINT('',#4582);
#1586=VERTEX_POINT('',#4586);
#1587=VERTEX_POINT('',#4589);
#1588=VERTEX_POINT('',#4590);
#1589=VERTEX_POINT('',#4592);
#1590=VERTEX_POINT('',#4594);
#1591=VERTEX_POINT('',#4596);
#1592=VERTEX_POINT('',#4598);
#1593=VERTEX_POINT('',#4600);
#1594=VERTEX_POINT('',#4602);
#1595=VERTEX_POINT('',#4606);
#1596=VERTEX_POINT('',#4607);
#1597=VERTEX_POINT('',#4609);
#1598=VERTEX_POINT('',#4611);
#1599=VERTEX_POINT('',#4614);
#1600=VERTEX_POINT('',#4615);
#1601=VERTEX_POINT('',#4617);
#1602=VERTEX_POINT('',#4619);
#1603=VERTEX_POINT('',#4622);
#1604=VERTEX_POINT('',#4623);
#1605=VERTEX_POINT('',#4625);
#1606=VERTEX_POINT('',#4627);
#1607=VERTEX_POINT('',#4630);
#1608=VERTEX_POINT('',#4631);
#1609=VERTEX_POINT('',#4633);
#1610=VERTEX_POINT('',#4635);
#1611=VERTEX_POINT('',#4638);
#1612=VERTEX_POINT('',#4639);
#1613=VERTEX_POINT('',#4641);
#1614=VERTEX_POINT('',#4643);
#1615=VERTEX_POINT('',#4646);
#1616=VERTEX_POINT('',#4647);
#1617=VERTEX_POINT('',#4649);
#1618=VERTEX_POINT('',#4651);
#1619=VERTEX_POINT('',#4654);
#1620=VERTEX_POINT('',#4656);
#1621=VERTEX_POINT('',#4658);
#1622=VERTEX_POINT('',#4659);
#1623=VERTEX_POINT('',#4661);
#1624=VERTEX_POINT('',#4663);
#1625=VERTEX_POINT('',#4666);
#1626=VERTEX_POINT('',#4667);
#1627=VERTEX_POINT('',#4669);
#1628=VERTEX_POINT('',#4671);
#1629=VERTEX_POINT('',#4674);
#1630=VERTEX_POINT('',#4675);
#1631=VERTEX_POINT('',#4677);
#1632=VERTEX_POINT('',#4679);
#1633=VERTEX_POINT('',#4682);
#1634=VERTEX_POINT('',#4684);
#1635=VERTEX_POINT('',#4685);
#1636=VERTEX_POINT('',#4687);
#1637=VERTEX_POINT('',#4689);
#1638=VERTEX_POINT('',#4692);
#1639=VERTEX_POINT('',#4694);
#1640=VERTEX_POINT('',#4695);
#1641=VERTEX_POINT('',#4697);
#1642=VERTEX_POINT('',#4699);
#1643=VERTEX_POINT('',#4702);
#1644=VERTEX_POINT('',#4703);
#1645=VERTEX_POINT('',#4705);
#1646=VERTEX_POINT('',#4707);
#1647=VERTEX_POINT('',#4710);
#1648=VERTEX_POINT('',#4711);
#1649=VERTEX_POINT('',#4713);
#1650=VERTEX_POINT('',#4715);
#1651=VERTEX_POINT('',#4718);
#1652=VERTEX_POINT('',#4720);
#1653=VERTEX_POINT('',#4722);
#1654=VERTEX_POINT('',#4723);
#1655=VERTEX_POINT('',#4725);
#1656=VERTEX_POINT('',#4727);
#1657=VERTEX_POINT('',#4730);
#1658=VERTEX_POINT('',#4732);
#1659=VERTEX_POINT('',#4733);
#1660=VERTEX_POINT('',#4735);
#1661=VERTEX_POINT('',#4737);
#1662=VERTEX_POINT('',#4740);
#1663=VERTEX_POINT('',#4741);
#1664=VERTEX_POINT('',#4743);
#1665=VERTEX_POINT('',#4745);
#1666=VERTEX_POINT('',#4748);
#1667=VERTEX_POINT('',#4751);
#1668=VERTEX_POINT('',#4753);
#1669=VERTEX_POINT('',#4798);
#1670=VERTEX_POINT('',#4803);
#1671=VERTEX_POINT('',#4806);
#1672=VERTEX_POINT('',#4811);
#1673=VERTEX_POINT('',#4815);
#1674=VERTEX_POINT('',#4819);
#1675=VERTEX_POINT('',#4839);
#1676=VERTEX_POINT('',#4844);
#1677=VERTEX_POINT('',#4847);
#1678=VERTEX_POINT('',#4852);
#1679=VERTEX_POINT('',#4856);
#1680=VERTEX_POINT('',#4860);
#1681=VERTEX_POINT('',#4879);
#1682=VERTEX_POINT('',#4887);
#1683=VERTEX_POINT('',#4891);
#1684=VERTEX_POINT('',#4895);
#1685=VERTEX_POINT('',#4934);
#1686=VERTEX_POINT('',#4939);
#1687=VERTEX_POINT('',#4942);
#1688=VERTEX_POINT('',#4947);
#1689=VERTEX_POINT('',#4951);
#1690=VERTEX_POINT('',#4955);
#1691=VERTEX_POINT('',#4984);
#1692=VERTEX_POINT('',#4985);
#1693=VERTEX_POINT('',#4987);
#1694=VERTEX_POINT('',#4989);
#1695=VERTEX_POINT('',#4994);
#1696=VERTEX_POINT('',#4996);
#1697=VERTEX_POINT('',#5000);
#1698=VERTEX_POINT('',#5001);
#1699=VERTEX_POINT('',#5003);
#1700=VERTEX_POINT('',#5005);
#1701=VERTEX_POINT('',#5009);
#1702=VERTEX_POINT('',#5011);
#1703=VERTEX_POINT('',#5017);
#1704=VERTEX_POINT('',#5018);
#1705=VERTEX_POINT('',#5020);
#1706=VERTEX_POINT('',#5022);
#1707=VERTEX_POINT('',#5026);
#1708=VERTEX_POINT('',#5028);
#1709=VERTEX_POINT('',#5034);
#1710=VERTEX_POINT('',#5036);
#1711=VERTEX_POINT('',#5048);
#1712=VERTEX_POINT('',#5051);
#1713=VERTEX_POINT('',#5059);
#1714=VERTEX_POINT('',#5060);
#1715=VERTEX_POINT('',#5081);
#1716=VERTEX_POINT('',#5082);
#1717=VERTEX_POINT('',#5105);
#1718=VERTEX_POINT('',#5107);
#1719=LINE('',#4300,#1996);
#1720=LINE('',#4303,#1997);
#1721=LINE('',#4305,#1998);
#1722=LINE('',#4307,#1999);
#1723=LINE('',#4308,#2000);
#1724=LINE('',#4311,#2001);
#1725=LINE('',#4313,#2002);
#1726=LINE('',#4315,#2003);
#1727=LINE('',#4317,#2004);
#1728=LINE('',#4320,#2005);
#1729=LINE('',#4322,#2006);
#1730=LINE('',#4324,#2007);
#1731=LINE('',#4325,#2008);
#1732=LINE('',#4328,#2009);
#1733=LINE('',#4330,#2010);
#1734=LINE('',#4332,#2011);
#1735=LINE('',#4334,#2012);
#1736=LINE('',#4337,#2013);
#1737=LINE('',#4339,#2014);
#1738=LINE('',#4341,#2015);
#1739=LINE('',#4342,#2016);
#1740=LINE('',#4344,#2017);
#1741=LINE('',#4346,#2018);
#1742=LINE('',#4348,#2019);
#1743=LINE('',#4350,#2020);
#1744=LINE('',#4352,#2021);
#1745=LINE('',#4354,#2022);
#1746=LINE('',#4356,#2023);
#1747=LINE('',#4358,#2024);
#1748=LINE('',#4360,#2025);
#1749=LINE('',#4362,#2026);
#1750=LINE('',#4364,#2027);
#1751=LINE('',#4366,#2028);
#1752=LINE('',#4368,#2029);
#1753=LINE('',#4370,#2030);
#1754=LINE('',#4372,#2031);
#1755=LINE('',#4374,#2032);
#1756=LINE('',#4375,#2033);
#1757=LINE('',#4380,#2034);
#1758=LINE('',#4384,#2035);
#1759=LINE('',#4388,#2036);
#1760=LINE('',#4392,#2037);
#1761=LINE('',#4396,#2038);
#1762=LINE('',#4400,#2039);
#1763=LINE('',#4404,#2040);
#1764=LINE('',#4408,#2041);
#1765=LINE('',#4412,#2042);
#1766=LINE('',#4416,#2043);
#1767=LINE('',#4424,#2044);
#1768=LINE('',#4428,#2045);
#1769=LINE('',#4432,#2046);
#1770=LINE('',#4436,#2047);
#1771=LINE('',#4444,#2048);
#1772=LINE('',#4448,#2049);
#1773=LINE('',#4452,#2050);
#1774=LINE('',#4456,#2051);
#1775=LINE('',#4460,#2052);
#1776=LINE('',#4464,#2053);
#1777=LINE('',#4474,#2054);
#1778=LINE('',#4478,#2055);
#1779=LINE('',#4482,#2056);
#1780=LINE('',#4486,#2057);
#1781=LINE('',#4487,#2058);
#1782=LINE('',#4490,#2059);
#1783=LINE('',#4492,#2060);
#1784=LINE('',#4494,#2061);
#1785=LINE('',#4496,#2062);
#1786=LINE('',#4498,#2063);
#1787=LINE('',#4499,#2064);
#1788=LINE('',#4501,#2065);
#1789=LINE('',#4503,#2066);
#1790=LINE('',#4505,#2067);
#1791=LINE('',#4507,#2068);
#1792=LINE('',#4511,#2069);
#1793=LINE('',#4513,#2070);
#1794=LINE('',#4515,#2071);
#1795=LINE('',#4517,#2072);
#1796=LINE('',#4519,#2073);
#1797=LINE('',#4521,#2074);
#1798=LINE('',#4523,#2075);
#1799=LINE('',#4525,#2076);
#1800=LINE('',#4527,#2077);
#1801=LINE('',#4529,#2078);
#1802=LINE('',#4531,#2079);
#1803=LINE('',#4533,#2080);
#1804=LINE('',#4537,#2081);
#1805=LINE('',#4541,#2082);
#1806=LINE('',#4544,#2083);
#1807=LINE('',#4545,#2084);
#1808=LINE('',#4546,#2085);
#1809=LINE('',#4551,#2086);
#1810=LINE('',#4555,#2087);
#1811=LINE('',#4559,#2088);
#1812=LINE('',#4563,#2089);
#1813=LINE('',#4566,#2090);
#1814=LINE('',#4567,#2091);
#1815=LINE('',#4568,#2092);
#1816=LINE('',#4573,#2093);
#1817=LINE('',#4577,#2094);
#1818=LINE('',#4581,#2095);
#1819=LINE('',#4585,#2096);
#1820=LINE('',#4587,#2097);
#1821=LINE('',#4588,#2098);
#1822=LINE('',#4593,#2099);
#1823=LINE('',#4597,#2100);
#1824=LINE('',#4601,#2101);
#1825=LINE('',#4605,#2102);
#1826=LINE('',#4610,#2103);
#1827=LINE('',#4613,#2104);
#1828=LINE('',#4618,#2105);
#1829=LINE('',#4621,#2106);
#1830=LINE('',#4626,#2107);
#1831=LINE('',#4629,#2108);
#1832=LINE('',#4634,#2109);
#1833=LINE('',#4637,#2110);
#1834=LINE('',#4642,#2111);
#1835=LINE('',#4645,#2112);
#1836=LINE('',#4650,#2113);
#1837=LINE('',#4657,#2114);
#1838=LINE('',#4662,#2115);
#1839=LINE('',#4665,#2116);
#1840=LINE('',#4670,#2117);
#1841=LINE('',#4673,#2118);
#1842=LINE('',#4678,#2119);
#1843=LINE('',#4683,#2120);
#1844=LINE('',#4688,#2121);
#1845=LINE('',#4693,#2122);
#1846=LINE('',#4698,#2123);
#1847=LINE('',#4701,#2124);
#1848=LINE('',#4706,#2125);
#1849=LINE('',#4709,#2126);
#1850=LINE('',#4714,#2127);
#1851=LINE('',#4721,#2128);
#1852=LINE('',#4726,#2129);
#1853=LINE('',#4731,#2130);
#1854=LINE('',#4736,#2131);
#1855=LINE('',#4739,#2132);
#1856=LINE('',#4744,#2133);
#1857=LINE('',#4747,#2134);
#1858=LINE('',#4749,#2135);
#1859=LINE('',#4750,#2136);
#1860=LINE('',#4752,#2137);
#1861=LINE('',#4754,#2138);
#1862=LINE('',#4755,#2139);
#1863=LINE('',#4757,#2140);
#1864=LINE('',#4758,#2141);
#1865=LINE('',#4760,#2142);
#1866=LINE('',#4762,#2143);
#1867=LINE('',#4765,#2144);
#1868=LINE('',#4766,#2145);
#1869=LINE('',#4768,#2146);
#1870=LINE('',#4770,#2147);
#1871=LINE('',#4773,#2148);
#1872=LINE('',#4774,#2149);
#1873=LINE('',#4776,#2150);
#1874=LINE('',#4778,#2151);
#1875=LINE('',#4781,#2152);
#1876=LINE('',#4782,#2153);
#1877=LINE('',#4784,#2154);
#1878=LINE('',#4786,#2155);
#1879=LINE('',#4789,#2156);
#1880=LINE('',#4790,#2157);
#1881=LINE('',#4792,#2158);
#1882=LINE('',#4794,#2159);
#1883=LINE('',#4797,#2160);
#1884=LINE('',#4804,#2161);
#1885=LINE('',#4805,#2162);
#1886=LINE('',#4812,#2163);
#1887=LINE('',#4814,#2164);
#1888=LINE('',#4816,#2165);
#1889=LINE('',#4818,#2166);
#1890=LINE('',#4826,#2167);
#1891=LINE('',#4830,#2168);
#1892=LINE('',#4831,#2169);
#1893=LINE('',#4833,#2170);
#1894=LINE('',#4835,#2171);
#1895=LINE('',#4838,#2172);
#1896=LINE('',#4845,#2173);
#1897=LINE('',#4846,#2174);
#1898=LINE('',#4853,#2175);
#1899=LINE('',#4855,#2176);
#1900=LINE('',#4857,#2177);
#1901=LINE('',#4859,#2178);
#1902=LINE('',#4867,#2179);
#1903=LINE('',#4869,#2180);
#1904=LINE('',#4870,#2181);
#1905=LINE('',#4872,#2182);
#1906=LINE('',#4874,#2183);
#1907=LINE('',#4878,#2184);
#1908=LINE('',#4888,#2185);
#1909=LINE('',#4892,#2186);
#1910=LINE('',#4894,#2187);
#1911=LINE('',#4907,#2188);
#1912=LINE('',#4908,#2189);
#1913=LINE('',#4910,#2190);
#1914=LINE('',#4912,#2191);
#1915=LINE('',#4915,#2192);
#1916=LINE('',#4916,#2193);
#1917=LINE('',#4918,#2194);
#1918=LINE('',#4920,#2195);
#1919=LINE('',#4923,#2196);
#1920=LINE('',#4924,#2197);
#1921=LINE('',#4926,#2198);
#1922=LINE('',#4928,#2199);
#1923=LINE('',#4933,#2200);
#1924=LINE('',#4940,#2201);
#1925=LINE('',#4941,#2202);
#1926=LINE('',#4948,#2203);
#1927=LINE('',#4950,#2204);
#1928=LINE('',#4954,#2205);
#1929=LINE('',#4967,#2206);
#1930=LINE('',#4968,#2207);
#1931=LINE('',#4970,#2208);
#1932=LINE('',#4972,#2209);
#1933=LINE('',#4975,#2210);
#1934=LINE('',#4976,#2211);
#1935=LINE('',#4978,#2212);
#1936=LINE('',#4980,#2213);
#1937=LINE('',#4983,#2214);
#1938=LINE('',#4988,#2215);
#1939=LINE('',#4991,#2216);
#1940=LINE('',#4992,#2217);
#1941=LINE('',#4995,#2218);
#1942=LINE('',#4999,#2219);
#1943=LINE('',#5004,#2220);
#1944=LINE('',#5007,#2221);
#1945=LINE('',#5010,#2222);
#1946=LINE('',#5014,#2223);
#1947=LINE('',#5016,#2224);
#1948=LINE('',#5021,#2225);
#1949=LINE('',#5024,#2226);
#1950=LINE('',#5027,#2227);
#1951=LINE('',#5031,#2228);
#1952=LINE('',#5033,#2229);
#1953=LINE('',#5035,#2230);
#1954=LINE('',#5037,#2231);
#1955=LINE('',#5038,#2232);
#1956=LINE('',#5041,#2233);
#1957=LINE('',#5045,#2234);
#1958=LINE('',#5047,#2235);
#1959=LINE('',#5049,#2236);
#1960=LINE('',#5050,#2237);
#1961=LINE('',#5052,#2238);
#1962=LINE('',#5055,#2239);
#1963=LINE('',#5058,#2240);
#1964=LINE('',#5064,#2241);
#1965=LINE('',#5065,#2242);
#1966=LINE('',#5067,#2243);
#1967=LINE('',#5068,#2244);
#1968=LINE('',#5070,#2245);
#1969=LINE('',#5071,#2246);
#1970=LINE('',#5073,#2247);
#1971=LINE('',#5074,#2248);
#1972=LINE('',#5080,#2249);
#1973=LINE('',#5088,#2250);
#1974=LINE('',#5089,#2251);
#1975=LINE('',#5091,#2252);
#1976=LINE('',#5092,#2253);
#1977=LINE('',#5094,#2254);
#1978=LINE('',#5095,#2255);
#1979=LINE('',#5097,#2256);
#1980=LINE('',#5098,#2257);
#1981=LINE('',#5106,#2258);
#1982=LINE('',#5110,#2259);
#1983=LINE('',#5111,#2260);
#1984=LINE('',#5113,#2261);
#1985=LINE('',#5114,#2262);
#1986=LINE('',#5116,#2263);
#1987=LINE('',#5117,#2264);
#1988=LINE('',#5119,#2265);
#1989=LINE('',#5120,#2266);
#1990=LINE('',#5122,#2267);
#1991=LINE('',#5123,#2268);
#1992=LINE('',#5127,#2269);
#1993=LINE('',#5128,#2270);
#1994=LINE('',#5130,#2271);
#1995=LINE('',#5132,#2272);
#1996=VECTOR('',#3541,1.);
#1997=VECTOR('',#3542,1.);
#1998=VECTOR('',#3543,1.);
#1999=VECTOR('',#3544,1.);
#2000=VECTOR('',#3545,1.);
#2001=VECTOR('',#3546,1.);
#2002=VECTOR('',#3547,1.);
#2003=VECTOR('',#3548,1.);
#2004=VECTOR('',#3551,1.);
#2005=VECTOR('',#3552,1.);
#2006=VECTOR('',#3553,1.);
#2007=VECTOR('',#3554,1.);
#2008=VECTOR('',#3555,1.);
#2009=VECTOR('',#3556,1.);
#2010=VECTOR('',#3557,1.);
#2011=VECTOR('',#3558,1.);
#2012=VECTOR('',#3561,1.);
#2013=VECTOR('',#3562,1.);
#2014=VECTOR('',#3563,1.);
#2015=VECTOR('',#3564,1.);
#2016=VECTOR('',#3565,1.);
#2017=VECTOR('',#3566,1.);
#2018=VECTOR('',#3567,1.);
#2019=VECTOR('',#3568,1.);
#2020=VECTOR('',#3569,1.);
#2021=VECTOR('',#3570,1.);
#2022=VECTOR('',#3571,1.);
#2023=VECTOR('',#3572,1.);
#2024=VECTOR('',#3573,1.);
#2025=VECTOR('',#3574,1.);
#2026=VECTOR('',#3575,1.);
#2027=VECTOR('',#3576,1.);
#2028=VECTOR('',#3577,1.);
#2029=VECTOR('',#3578,1.);
#2030=VECTOR('',#3579,1.);
#2031=VECTOR('',#3580,1.);
#2032=VECTOR('',#3581,1.);
#2033=VECTOR('',#3582,1.);
#2034=VECTOR('',#3587,1.);
#2035=VECTOR('',#3590,1.);
#2036=VECTOR('',#3593,1.);
#2037=VECTOR('',#3596,1.);
#2038=VECTOR('',#3599,1.);
#2039=VECTOR('',#3602,1.);
#2040=VECTOR('',#3605,1.);
#2041=VECTOR('',#3608,1.);
#2042=VECTOR('',#3611,1.);
#2043=VECTOR('',#3614,1.);
#2044=VECTOR('',#3621,1.);
#2045=VECTOR('',#3624,1.);
#2046=VECTOR('',#3627,1.);
#2047=VECTOR('',#3630,1.);
#2048=VECTOR('',#3637,1.);
#2049=VECTOR('',#3640,1.);
#2050=VECTOR('',#3643,1.);
#2051=VECTOR('',#3646,1.);
#2052=VECTOR('',#3649,1.);
#2053=VECTOR('',#3652,1.);
#2054=VECTOR('',#3661,1.);
#2055=VECTOR('',#3664,1.);
#2056=VECTOR('',#3667,1.);
#2057=VECTOR('',#3670,1.);
#2058=VECTOR('',#3671,1.);
#2059=VECTOR('',#3672,1.);
#2060=VECTOR('',#3673,1.);
#2061=VECTOR('',#3674,1.);
#2062=VECTOR('',#3675,1.);
#2063=VECTOR('',#3676,1.);
#2064=VECTOR('',#3677,1.);
#2065=VECTOR('',#3678,1.);
#2066=VECTOR('',#3679,1.);
#2067=VECTOR('',#3680,1.);
#2068=VECTOR('',#3681,1.);
#2069=VECTOR('',#3684,1.);
#2070=VECTOR('',#3685,1.);
#2071=VECTOR('',#3686,1.);
#2072=VECTOR('',#3687,1.);
#2073=VECTOR('',#3688,1.);
#2074=VECTOR('',#3689,1.);
#2075=VECTOR('',#3690,1.);
#2076=VECTOR('',#3691,1.);
#2077=VECTOR('',#3692,1.);
#2078=VECTOR('',#3693,1.);
#2079=VECTOR('',#3694,1.);
#2080=VECTOR('',#3695,1.);
#2081=VECTOR('',#3698,1.);
#2082=VECTOR('',#3703,1.);
#2083=VECTOR('',#3704,1.);
#2084=VECTOR('',#3705,1.);
#2085=VECTOR('',#3706,1.);
#2086=VECTOR('',#3709,1.);
#2087=VECTOR('',#3712,1.);
#2088=VECTOR('',#3715,1.);
#2089=VECTOR('',#3720,1.);
#2090=VECTOR('',#3721,1.);
#2091=VECTOR('',#3722,1.);
#2092=VECTOR('',#3723,1.);
#2093=VECTOR('',#3726,1.);
#2094=VECTOR('',#3729,1.);
#2095=VECTOR('',#3732,1.);
#2096=VECTOR('',#3737,1.);
#2097=VECTOR('',#3738,1.);
#2098=VECTOR('',#3739,1.);
#2099=VECTOR('',#3742,1.);
#2100=VECTOR('',#3745,1.);
#2101=VECTOR('',#3748,1.);
#2102=VECTOR('',#3753,1.);
#2103=VECTOR('',#3756,1.);
#2104=VECTOR('',#3759,1.);
#2105=VECTOR('',#3762,1.);
#2106=VECTOR('',#3765,1.);
#2107=VECTOR('',#3768,1.);
#2108=VECTOR('',#3771,1.);
#2109=VECTOR('',#3774,1.);
#2110=VECTOR('',#3777,1.);
#2111=VECTOR('',#3780,1.);
#2112=VECTOR('',#3783,1.);
#2113=VECTOR('',#3786,1.);
#2114=VECTOR('',#3793,1.);
#2115=VECTOR('',#3796,1.);
#2116=VECTOR('',#3799,1.);
#2117=VECTOR('',#3802,1.);
#2118=VECTOR('',#3805,1.);
#2119=VECTOR('',#3808,1.);
#2120=VECTOR('',#3813,1.);
#2121=VECTOR('',#3816,1.);
#2122=VECTOR('',#3821,1.);
#2123=VECTOR('',#3824,1.);
#2124=VECTOR('',#3827,1.);
#2125=VECTOR('',#3830,1.);
#2126=VECTOR('',#3833,1.);
#2127=VECTOR('',#3836,1.);
#2128=VECTOR('',#3843,1.);
#2129=VECTOR('',#3846,1.);
#2130=VECTOR('',#3851,1.);
#2131=VECTOR('',#3854,1.);
#2132=VECTOR('',#3857,1.);
#2133=VECTOR('',#3860,1.);
#2134=VECTOR('',#3863,1.);
#2135=VECTOR('',#3864,1.);
#2136=VECTOR('',#3865,1.);
#2137=VECTOR('',#3866,1.);
#2138=VECTOR('',#3867,1.);
#2139=VECTOR('',#3868,1.);
#2140=VECTOR('',#3871,1.);
#2141=VECTOR('',#3872,1.);
#2142=VECTOR('',#3875,1.);
#2143=VECTOR('',#3878,1.);
#2144=VECTOR('',#3883,1.);
#2145=VECTOR('',#3884,1.);
#2146=VECTOR('',#3887,1.);
#2147=VECTOR('',#3890,1.);
#2148=VECTOR('',#3895,1.);
#2149=VECTOR('',#3896,1.);
#2150=VECTOR('',#3899,1.);
#2151=VECTOR('',#3902,1.);
#2152=VECTOR('',#3907,1.);
#2153=VECTOR('',#3908,1.);
#2154=VECTOR('',#3911,1.);
#2155=VECTOR('',#3914,1.);
#2156=VECTOR('',#3919,1.);
#2157=VECTOR('',#3920,1.);
#2158=VECTOR('',#3923,1.);
#2159=VECTOR('',#3926,1.);
#2160=VECTOR('',#3931,1.);
#2161=VECTOR('',#3932,1.);
#2162=VECTOR('',#3933,1.);
#2163=VECTOR('',#3934,1.);
#2164=VECTOR('',#3937,1.);
#2165=VECTOR('',#3938,1.);
#2166=VECTOR('',#3941,1.);
#2167=VECTOR('',#3944,1.);
#2168=VECTOR('',#3951,1.);
#2169=VECTOR('',#3952,1.);
#2170=VECTOR('',#3955,1.);
#2171=VECTOR('',#3958,1.);
#2172=VECTOR('',#3963,1.);
#2173=VECTOR('',#3964,1.);
#2174=VECTOR('',#3965,1.);
#2175=VECTOR('',#3966,1.);
#2176=VECTOR('',#3969,1.);
#2177=VECTOR('',#3970,1.);
#2178=VECTOR('',#3973,1.);
#2179=VECTOR('',#3976,1.);
#2180=VECTOR('',#3979,1.);
#2181=VECTOR('',#3980,1.);
#2182=VECTOR('',#3983,1.);
#2183=VECTOR('',#3986,1.);
#2184=VECTOR('',#3993,1.);
#2185=VECTOR('',#3994,1.);
#2186=VECTOR('',#3999,1.);
#2187=VECTOR('',#4002,1.);
#2188=VECTOR('',#4011,1.);
#2189=VECTOR('',#4012,1.);
#2190=VECTOR('',#4015,1.);
#2191=VECTOR('',#4018,1.);
#2192=VECTOR('',#4023,1.);
#2193=VECTOR('',#4024,1.);
#2194=VECTOR('',#4027,1.);
#2195=VECTOR('',#4030,1.);
#2196=VECTOR('',#4035,1.);
#2197=VECTOR('',#4036,1.);
#2198=VECTOR('',#4039,1.);
#2199=VECTOR('',#4042,1.);
#2200=VECTOR('',#4051,1.);
#2201=VECTOR('',#4052,1.);
#2202=VECTOR('',#4053,1.);
#2203=VECTOR('',#4054,1.);
#2204=VECTOR('',#4057,1.);
#2205=VECTOR('',#4062,1.);
#2206=VECTOR('',#4071,1.);
#2207=VECTOR('',#4072,1.);
#2208=VECTOR('',#4075,1.);
#2209=VECTOR('',#4078,1.);
#2210=VECTOR('',#4083,1.);
#2211=VECTOR('',#4084,1.);
#2212=VECTOR('',#4087,1.);
#2213=VECTOR('',#4090,1.);
#2214=VECTOR('',#4095,1.);
#2215=VECTOR('',#4098,1.);
#2216=VECTOR('',#4101,1.);
#2217=VECTOR('',#4102,1.);
#2218=VECTOR('',#4105,1.);
#2219=VECTOR('',#4110,1.);
#2220=VECTOR('',#4113,1.);
#2221=VECTOR('',#4116,1.);
#2222=VECTOR('',#4119,1.);
#2223=VECTOR('',#4124,1.);
#2224=VECTOR('',#4127,1.);
#2225=VECTOR('',#4130,1.);
#2226=VECTOR('',#4133,1.);
#2227=VECTOR('',#4136,1.);
#2228=VECTOR('',#4141,1.);
#2229=VECTOR('',#4144,1.);
#2230=VECTOR('',#4145,1.);
#2231=VECTOR('',#4146,1.);
#2232=VECTOR('',#4147,1.);
#2233=VECTOR('',#4152,1.);
#2234=VECTOR('',#4159,1.);
#2235=VECTOR('',#4162,1.);
#2236=VECTOR('',#4163,1.);
#2237=VECTOR('',#4164,1.);
#2238=VECTOR('',#4165,1.);
#2239=VECTOR('',#4170,1.);
#2240=VECTOR('',#4175,1.);
#2241=VECTOR('',#4182,1.);
#2242=VECTOR('',#4183,1.);
#2243=VECTOR('',#4186,1.);
#2244=VECTOR('',#4187,1.);
#2245=VECTOR('',#4190,1.);
#2246=VECTOR('',#4191,1.);
#2247=VECTOR('',#4194,1.);
#2248=VECTOR('',#4195,1.);
#2249=VECTOR('',#4206,1.);
#2250=VECTOR('',#4217,1.);
#2251=VECTOR('',#4218,1.);
#2252=VECTOR('',#4221,1.);
#2253=VECTOR('',#4222,1.);
#2254=VECTOR('',#4225,1.);
#2255=VECTOR('',#4226,1.);
#2256=VECTOR('',#4229,1.);
#2257=VECTOR('',#4230,1.);
#2258=VECTOR('',#4243,1.);
#2259=VECTOR('',#4248,1.);
#2260=VECTOR('',#4249,1.);
#2261=VECTOR('',#4252,1.);
#2262=VECTOR('',#4253,1.);
#2263=VECTOR('',#4256,1.);
#2264=VECTOR('',#4257,1.);
#2265=VECTOR('',#4260,1.);
#2266=VECTOR('',#4261,1.);
#2267=VECTOR('',#4264,1.);
#2268=VECTOR('',#4265,1.);
#2269=VECTOR('',#4272,1.);
#2270=VECTOR('',#4273,1.);
#2271=VECTOR('',#4276,1.);
#2272=VECTOR('',#4279,1.);
#2273=EDGE_LOOP('',(#255,#256,#257,#258));
#2274=EDGE_LOOP('',(#259,#260,#261,#262));
#2275=EDGE_LOOP('',(#263,#264,#265,#266));
#2276=EDGE_LOOP('',(#267,#268,#269,#270));
#2277=EDGE_LOOP('',(#271,#272,#273,#274,#275,#276,#277,#278,#279,#280,#281,
#282,#283,#284,#285,#286,#287,#288,#289,#290,#291,#292,#293,#294));
#2278=EDGE_LOOP('',(#295,#296,#297,#298));
#2279=EDGE_LOOP('',(#299,#300,#301,#302));
#2280=EDGE_LOOP('',(#303,#304,#305,#306));
#2281=EDGE_LOOP('',(#307,#308,#309,#310));
#2282=EDGE_LOOP('',(#311,#312,#313,#314));
#2283=EDGE_LOOP('',(#315));
#2284=EDGE_LOOP('',(#316));
#2285=EDGE_LOOP('',(#317,#318,#319,#320));
#2286=EDGE_LOOP('',(#321,#322,#323,#324));
#2287=EDGE_LOOP('',(#325));
#2288=EDGE_LOOP('',(#326));
#2289=EDGE_LOOP('',(#327,#328,#329,#330));
#2290=EDGE_LOOP('',(#331,#332,#333,#334));
#2291=EDGE_LOOP('',(#335,#336,#337,#338));
#2292=EDGE_LOOP('',(#339));
#2293=EDGE_LOOP('',(#340));
#2294=EDGE_LOOP('',(#341));
#2295=EDGE_LOOP('',(#342,#343,#344,#345));
#2296=EDGE_LOOP('',(#346,#347,#348,#349));
#2297=EDGE_LOOP('',(#350,#351,#352,#353,#354,#355,#356,#357,#358,#359,#360,
#361,#362,#363,#364,#365,#366,#367,#368,#369,#370,#371,#372,#373,#374,#375,
#376,#377));
#2298=EDGE_LOOP('',(#378,#379,#380,#381));
#2299=EDGE_LOOP('',(#382,#383,#384,#385,#386,#387,#388,#389));
#2300=EDGE_LOOP('',(#390,#391,#392,#393));
#2301=EDGE_LOOP('',(#394,#395,#396,#397,#398,#399,#400,#401));
#2302=EDGE_LOOP('',(#402,#403,#404,#405));
#2303=EDGE_LOOP('',(#406,#407,#408,#409,#410,#411,#412,#413));
#2304=EDGE_LOOP('',(#414,#415,#416,#417));
#2305=EDGE_LOOP('',(#418,#419,#420,#421));
#2306=EDGE_LOOP('',(#422,#423,#424,#425));
#2307=EDGE_LOOP('',(#426,#427,#428,#429));
#2308=EDGE_LOOP('',(#430,#431,#432,#433));
#2309=EDGE_LOOP('',(#434,#435,#436,#437));
#2310=EDGE_LOOP('',(#438));
#2311=EDGE_LOOP('',(#439));
#2312=EDGE_LOOP('',(#440,#441,#442,#443));
#2313=EDGE_LOOP('',(#444,#445,#446,#447));
#2314=EDGE_LOOP('',(#448,#449,#450,#451));
#2315=EDGE_LOOP('',(#452));
#2316=EDGE_LOOP('',(#453,#454,#455,#456));
#2317=EDGE_LOOP('',(#457));
#2318=EDGE_LOOP('',(#458,#459,#460,#461));
#2319=EDGE_LOOP('',(#462,#463,#464,#465));
#2320=EDGE_LOOP('',(#466,#467,#468,#469));
#2321=EDGE_LOOP('',(#470));
#2322=EDGE_LOOP('',(#471));
#2323=EDGE_LOOP('',(#472,#473,#474,#475));
#2324=EDGE_LOOP('',(#476));
#2325=EDGE_LOOP('',(#477,#478,#479,#480));
#2326=EDGE_LOOP('',(#481,#482,#483,#484));
#2327=EDGE_LOOP('',(#485,#486,#487,#488,#489,#490,#491,#492,#493,#494));
#2328=EDGE_LOOP('',(#495,#496,#497,#498));
#2329=EDGE_LOOP('',(#499,#500,#501,#502));
#2330=EDGE_LOOP('',(#503,#504,#505,#506));
#2331=EDGE_LOOP('',(#507,#508,#509,#510));
#2332=EDGE_LOOP('',(#511,#512,#513,#514));
#2333=EDGE_LOOP('',(#515,#516,#517,#518));
#2334=EDGE_LOOP('',(#519,#520,#521,#522));
#2335=EDGE_LOOP('',(#523,#524,#525,#526));
#2336=EDGE_LOOP('',(#527,#528,#529,#530));
#2337=EDGE_LOOP('',(#531,#532,#533,#534));
#2338=EDGE_LOOP('',(#535,#536,#537,#538));
#2339=EDGE_LOOP('',(#539,#540,#541,#542));
#2340=EDGE_LOOP('',(#543,#544,#545,#546));
#2341=EDGE_LOOP('',(#547,#548,#549,#550));
#2342=EDGE_LOOP('',(#551,#552,#553,#554));
#2343=EDGE_LOOP('',(#555,#556,#557,#558));
#2344=EDGE_LOOP('',(#559,#560,#561,#562));
#2345=EDGE_LOOP('',(#563,#564,#565,#566));
#2346=EDGE_LOOP('',(#567,#568,#569,#570));
#2347=EDGE_LOOP('',(#571,#572,#573,#574));
#2348=EDGE_LOOP('',(#575,#576,#577,#578,#579,#580,#581,#582));
#2349=EDGE_LOOP('',(#583,#584,#585,#586));
#2350=EDGE_LOOP('',(#587,#588,#589,#590));
#2351=EDGE_LOOP('',(#591,#592,#593,#594));
#2352=EDGE_LOOP('',(#595));
#2353=EDGE_LOOP('',(#596));
#2354=EDGE_LOOP('',(#597));
#2355=EDGE_LOOP('',(#598));
#2356=EDGE_LOOP('',(#599,#600,#601,#602));
#2357=EDGE_LOOP('',(#603,#604,#605,#606));
#2358=EDGE_LOOP('',(#607,#608,#609,#610));
#2359=EDGE_LOOP('',(#611,#612,#613,#614));
#2360=EDGE_LOOP('',(#615,#616,#617,#618,#619,#620,#621,#622));
#2361=EDGE_LOOP('',(#623,#624,#625,#626));
#2362=EDGE_LOOP('',(#627,#628,#629,#630));
#2363=EDGE_LOOP('',(#631,#632,#633,#634));
#2364=EDGE_LOOP('',(#635,#636,#637,#638));
#2365=EDGE_LOOP('',(#639,#640,#641,#642));
#2366=EDGE_LOOP('',(#643,#644,#645,#646));
#2367=EDGE_LOOP('',(#647,#648,#649,#650));
#2368=EDGE_LOOP('',(#651));
#2369=EDGE_LOOP('',(#652));
#2370=EDGE_LOOP('',(#653,#654,#655,#656));
#2371=EDGE_LOOP('',(#657,#658,#659,#660));
#2372=EDGE_LOOP('',(#661,#662,#663,#664));
#2373=EDGE_LOOP('',(#665,#666,#667,#668));
#2374=EDGE_LOOP('',(#669));
#2375=EDGE_LOOP('',(#670));
#2376=EDGE_LOOP('',(#671,#672,#673,#674));
#2377=EDGE_LOOP('',(#675,#676,#677,#678));
#2378=EDGE_LOOP('',(#679,#680,#681,#682));
#2379=EDGE_LOOP('',(#683,#684,#685,#686));
#2380=EDGE_LOOP('',(#687,#688,#689,#690));
#2381=EDGE_LOOP('',(#691,#692,#693,#694));
#2382=EDGE_LOOP('',(#695,#696,#697,#698));
#2383=EDGE_LOOP('',(#699,#700,#701,#702));
#2384=EDGE_LOOP('',(#703,#704,#705,#706));
#2385=EDGE_LOOP('',(#707,#708,#709,#710));
#2386=EDGE_LOOP('',(#711,#712,#713,#714));
#2387=EDGE_LOOP('',(#715,#716,#717,#718));
#2388=EDGE_LOOP('',(#719));
#2389=EDGE_LOOP('',(#720));
#2390=EDGE_LOOP('',(#721));
#2391=EDGE_LOOP('',(#722));
#2392=EDGE_LOOP('',(#723,#724,#725,#726,#727,#728,#729,#730));
#2393=EDGE_LOOP('',(#731,#732,#733,#734));
#2394=EDGE_LOOP('',(#735,#736,#737,#738));
#2395=EDGE_LOOP('',(#739,#740,#741,#742));
#2396=EDGE_LOOP('',(#743));
#2397=EDGE_LOOP('',(#744));
#2398=EDGE_LOOP('',(#745,#746,#747,#748));
#2399=EDGE_LOOP('',(#749,#750,#751,#752));
#2400=EDGE_LOOP('',(#753,#754,#755,#756));
#2401=EDGE_LOOP('',(#757,#758,#759,#760));
#2402=EDGE_LOOP('',(#761,#762,#763,#764));
#2403=EDGE_LOOP('',(#765,#766,#767,#768));
#2404=EDGE_LOOP('',(#769,#770,#771,#772));
#2405=EDGE_LOOP('',(#773,#774,#775,#776));
#2406=EDGE_LOOP('',(#777,#778,#779,#780,#781,#782,#783,#784,#785,#786,#787,
#788));
#2407=EDGE_LOOP('',(#789,#790,#791,#792,#793,#794,#795,#796,#797,#798,#799,
#800));
#2408=EDGE_LOOP('',(#801,#802,#803,#804));
#2409=EDGE_LOOP('',(#805,#806,#807,#808,#809,#810,#811,#812,#813,#814,#815,
#816));
#2410=EDGE_LOOP('',(#817,#818,#819,#820));
#2411=EDGE_LOOP('',(#821,#822,#823,#824,#825,#826,#827,#828));
#2412=EDGE_LOOP('',(#829,#830,#831,#832));
#2413=EDGE_LOOP('',(#833,#834,#835,#836));
#2414=EDGE_LOOP('',(#837,#838,#839,#840));
#2415=EDGE_LOOP('',(#841,#842,#843,#844));
#2416=EDGE_LOOP('',(#845,#846,#847,#848));
#2417=EDGE_LOOP('',(#849,#850,#851,#852,#853,#854,#855,#856));
#2418=EDGE_LOOP('',(#857,#858,#859,#860));
#2419=EDGE_LOOP('',(#861,#862,#863,#864));
#2420=EDGE_LOOP('',(#865,#866,#867,#868));
#2421=EDGE_LOOP('',(#869,#870,#871,#872));
#2422=EDGE_LOOP('',(#873,#874,#875,#876));
#2423=EDGE_LOOP('',(#877,#878,#879,#880));
#2424=EDGE_LOOP('',(#881,#882,#883,#884));
#2425=EDGE_LOOP('',(#885,#886,#887,#888));
#2426=EDGE_LOOP('',(#889,#890,#891,#892));
#2427=EDGE_LOOP('',(#893,#894,#895,#896));
#2428=EDGE_LOOP('',(#897,#898,#899,#900,#901,#902));
#2429=EDGE_LOOP('',(#903,#904,#905,#906,#907,#908));
#2430=EDGE_LOOP('',(#909,#910,#911,#912,#913));
#2431=EDGE_LOOP('',(#914,#915,#916));
#2432=EDGE_LOOP('',(#917,#918,#919,#920));
#2433=EDGE_LOOP('',(#921,#922,#923,#924));
#2434=EDGE_LOOP('',(#925,#926,#927,#928));
#2435=EDGE_LOOP('',(#929,#930,#931,#932));
#2436=EDGE_LOOP('',(#933,#934,#935));
#2437=EDGE_LOOP('',(#936,#937,#938));
#2438=EDGE_LOOP('',(#939,#940,#941,#942,#943,#944));
#2439=EDGE_LOOP('',(#945,#946,#947,#948));
#2440=EDGE_LOOP('',(#949,#950,#951,#952));
#2441=EDGE_LOOP('',(#953,#954,#955,#956));
#2442=EDGE_LOOP('',(#957,#958,#959,#960));
#2443=EDGE_LOOP('',(#961,#962,#963,#964));
#2444=EDGE_LOOP('',(#965,#966,#967,#968));
#2445=EDGE_LOOP('',(#969,#970,#971,#972));
#2446=EDGE_LOOP('',(#973,#974,#975,#976));
#2447=EDGE_LOOP('',(#977,#978,#979,#980));
#2448=EDGE_LOOP('',(#981,#982,#983,#984));
#2449=EDGE_LOOP('',(#985,#986,#987,#988));
#2450=EDGE_LOOP('',(#989,#990,#991,#992));
#2451=EDGE_LOOP('',(#993,#994,#995,#996));
#2452=EDGE_LOOP('',(#997,#998,#999,#1000,#1001,#1002,#1003,#1004,#1005,
#1006,#1007,#1008));
#2453=EDGE_LOOP('',(#1009,#1010,#1011,#1012,#1013,#1014));
#2454=EDGE_LOOP('',(#1015,#1016,#1017,#1018));
#2455=EDGE_LOOP('',(#1019,#1020,#1021,#1022,#1023,#1024,#1025,#1026,#1027,
#1028,#1029,#1030));
#2456=EDGE_LOOP('',(#1031,#1032,#1033,#1034,#1035,#1036,#1037,#1038,#1039,
#1040,#1041,#1042));
#2457=EDGE_LOOP('',(#1043,#1044,#1045,#1046));
#2458=EDGE_LOOP('',(#1047,#1048,#1049,#1050));
#2459=FACE_BOUND('',#2273,.T.);
#2460=FACE_BOUND('',#2274,.T.);
#2461=FACE_BOUND('',#2275,.T.);
#2462=FACE_BOUND('',#2276,.T.);
#2463=FACE_BOUND('',#2277,.T.);
#2464=FACE_BOUND('',#2278,.T.);
#2465=FACE_BOUND('',#2279,.T.);
#2466=FACE_BOUND('',#2280,.T.);
#2467=FACE_BOUND('',#2281,.T.);
#2468=FACE_BOUND('',#2282,.T.);
#2469=FACE_BOUND('',#2283,.T.);
#2470=FACE_BOUND('',#2284,.T.);
#2471=FACE_BOUND('',#2285,.T.);
#2472=FACE_BOUND('',#2286,.T.);
#2473=FACE_BOUND('',#2287,.T.);
#2474=FACE_BOUND('',#2288,.T.);
#2475=FACE_BOUND('',#2289,.T.);
#2476=FACE_BOUND('',#2290,.T.);
#2477=FACE_BOUND('',#2291,.T.);
#2478=FACE_BOUND('',#2292,.T.);
#2479=FACE_BOUND('',#2293,.T.);
#2480=FACE_BOUND('',#2294,.T.);
#2481=FACE_BOUND('',#2295,.T.);
#2482=FACE_BOUND('',#2296,.T.);
#2483=FACE_BOUND('',#2297,.T.);
#2484=FACE_BOUND('',#2298,.T.);
#2485=FACE_BOUND('',#2299,.T.);
#2486=FACE_BOUND('',#2300,.T.);
#2487=FACE_BOUND('',#2301,.T.);
#2488=FACE_BOUND('',#2302,.T.);
#2489=FACE_BOUND('',#2303,.T.);
#2490=FACE_BOUND('',#2304,.T.);
#2491=FACE_BOUND('',#2305,.T.);
#2492=FACE_BOUND('',#2306,.T.);
#2493=FACE_BOUND('',#2307,.T.);
#2494=FACE_BOUND('',#2308,.T.);
#2495=FACE_BOUND('',#2309,.T.);
#2496=FACE_BOUND('',#2310,.T.);
#2497=FACE_BOUND('',#2311,.T.);
#2498=FACE_BOUND('',#2312,.T.);
#2499=FACE_BOUND('',#2313,.T.);
#2500=FACE_BOUND('',#2314,.T.);
#2501=FACE_BOUND('',#2315,.T.);
#2502=FACE_BOUND('',#2316,.T.);
#2503=FACE_BOUND('',#2317,.T.);
#2504=FACE_BOUND('',#2318,.T.);
#2505=FACE_BOUND('',#2319,.T.);
#2506=FACE_BOUND('',#2320,.T.);
#2507=FACE_BOUND('',#2321,.T.);
#2508=FACE_BOUND('',#2322,.T.);
#2509=FACE_BOUND('',#2323,.T.);
#2510=FACE_BOUND('',#2324,.T.);
#2511=FACE_BOUND('',#2325,.T.);
#2512=FACE_BOUND('',#2326,.T.);
#2513=FACE_BOUND('',#2327,.T.);
#2514=FACE_BOUND('',#2328,.T.);
#2515=FACE_BOUND('',#2329,.T.);
#2516=FACE_BOUND('',#2330,.T.);
#2517=FACE_BOUND('',#2331,.T.);
#2518=FACE_BOUND('',#2332,.T.);
#2519=FACE_BOUND('',#2333,.T.);
#2520=FACE_BOUND('',#2334,.T.);
#2521=FACE_BOUND('',#2335,.T.);
#2522=FACE_BOUND('',#2336,.T.);
#2523=FACE_BOUND('',#2337,.T.);
#2524=FACE_BOUND('',#2338,.T.);
#2525=FACE_BOUND('',#2339,.T.);
#2526=FACE_BOUND('',#2340,.T.);
#2527=FACE_BOUND('',#2341,.T.);
#2528=FACE_BOUND('',#2342,.T.);
#2529=FACE_BOUND('',#2343,.T.);
#2530=FACE_BOUND('',#2344,.T.);
#2531=FACE_BOUND('',#2345,.T.);
#2532=FACE_BOUND('',#2346,.T.);
#2533=FACE_BOUND('',#2347,.T.);
#2534=FACE_BOUND('',#2348,.T.);
#2535=FACE_BOUND('',#2349,.T.);
#2536=FACE_BOUND('',#2350,.T.);
#2537=FACE_BOUND('',#2351,.T.);
#2538=FACE_BOUND('',#2352,.T.);
#2539=FACE_BOUND('',#2353,.T.);
#2540=FACE_BOUND('',#2354,.T.);
#2541=FACE_BOUND('',#2355,.T.);
#2542=FACE_BOUND('',#2356,.T.);
#2543=FACE_BOUND('',#2357,.T.);
#2544=FACE_BOUND('',#2358,.T.);
#2545=FACE_BOUND('',#2359,.T.);
#2546=FACE_BOUND('',#2360,.T.);
#2547=FACE_BOUND('',#2361,.T.);
#2548=FACE_BOUND('',#2362,.T.);
#2549=FACE_BOUND('',#2363,.T.);
#2550=FACE_BOUND('',#2364,.T.);
#2551=FACE_BOUND('',#2365,.T.);
#2552=FACE_BOUND('',#2366,.T.);
#2553=FACE_BOUND('',#2367,.T.);
#2554=FACE_BOUND('',#2368,.T.);
#2555=FACE_BOUND('',#2369,.T.);
#2556=FACE_BOUND('',#2370,.T.);
#2557=FACE_BOUND('',#2371,.T.);
#2558=FACE_BOUND('',#2372,.T.);
#2559=FACE_BOUND('',#2373,.T.);
#2560=FACE_BOUND('',#2374,.T.);
#2561=FACE_BOUND('',#2375,.T.);
#2562=FACE_BOUND('',#2376,.T.);
#2563=FACE_BOUND('',#2377,.T.);
#2564=FACE_BOUND('',#2378,.T.);
#2565=FACE_BOUND('',#2379,.T.);
#2566=FACE_BOUND('',#2380,.T.);
#2567=FACE_BOUND('',#2381,.T.);
#2568=FACE_BOUND('',#2382,.T.);
#2569=FACE_BOUND('',#2383,.T.);
#2570=FACE_BOUND('',#2384,.T.);
#2571=FACE_BOUND('',#2385,.T.);
#2572=FACE_BOUND('',#2386,.T.);
#2573=FACE_BOUND('',#2387,.T.);
#2574=FACE_BOUND('',#2388,.T.);
#2575=FACE_BOUND('',#2389,.T.);
#2576=FACE_BOUND('',#2390,.T.);
#2577=FACE_BOUND('',#2391,.T.);
#2578=FACE_BOUND('',#2392,.T.);
#2579=FACE_BOUND('',#2393,.T.);
#2580=FACE_BOUND('',#2394,.T.);
#2581=FACE_BOUND('',#2395,.T.);
#2582=FACE_BOUND('',#2396,.T.);
#2583=FACE_BOUND('',#2397,.T.);
#2584=FACE_BOUND('',#2398,.T.);
#2585=FACE_BOUND('',#2399,.T.);
#2586=FACE_BOUND('',#2400,.T.);
#2587=FACE_BOUND('',#2401,.T.);
#2588=FACE_BOUND('',#2402,.T.);
#2589=FACE_BOUND('',#2403,.T.);
#2590=FACE_BOUND('',#2404,.T.);
#2591=FACE_BOUND('',#2405,.T.);
#2592=FACE_BOUND('',#2406,.T.);
#2593=FACE_BOUND('',#2407,.T.);
#2594=FACE_BOUND('',#2408,.T.);
#2595=FACE_BOUND('',#2409,.T.);
#2596=FACE_BOUND('',#2410,.T.);
#2597=FACE_BOUND('',#2411,.T.);
#2598=FACE_BOUND('',#2412,.T.);
#2599=FACE_BOUND('',#2413,.T.);
#2600=FACE_BOUND('',#2414,.T.);
#2601=FACE_BOUND('',#2415,.T.);
#2602=FACE_BOUND('',#2416,.T.);
#2603=FACE_BOUND('',#2417,.T.);
#2604=FACE_BOUND('',#2418,.T.);
#2605=FACE_BOUND('',#2419,.T.);
#2606=FACE_BOUND('',#2420,.T.);
#2607=FACE_BOUND('',#2421,.T.);
#2608=FACE_BOUND('',#2422,.T.);
#2609=FACE_BOUND('',#2423,.T.);
#2610=FACE_BOUND('',#2424,.T.);
#2611=FACE_BOUND('',#2425,.T.);
#2612=FACE_BOUND('',#2426,.T.);
#2613=FACE_BOUND('',#2427,.T.);
#2614=FACE_BOUND('',#2428,.T.);
#2615=FACE_BOUND('',#2429,.T.);
#2616=FACE_BOUND('',#2430,.T.);
#2617=FACE_BOUND('',#2431,.T.);
#2618=FACE_BOUND('',#2432,.T.);
#2619=FACE_BOUND('',#2433,.T.);
#2620=FACE_BOUND('',#2434,.T.);
#2621=FACE_BOUND('',#2435,.T.);
#2622=FACE_BOUND('',#2436,.T.);
#2623=FACE_BOUND('',#2437,.T.);
#2624=FACE_BOUND('',#2438,.T.);
#2625=FACE_BOUND('',#2439,.T.);
#2626=FACE_BOUND('',#2440,.T.);
#2627=FACE_BOUND('',#2441,.T.);
#2628=FACE_BOUND('',#2442,.T.);
#2629=FACE_BOUND('',#2443,.T.);
#2630=FACE_BOUND('',#2444,.T.);
#2631=FACE_BOUND('',#2445,.T.);
#2632=FACE_BOUND('',#2446,.T.);
#2633=FACE_BOUND('',#2447,.T.);
#2634=FACE_BOUND('',#2448,.T.);
#2635=FACE_BOUND('',#2449,.T.);
#2636=FACE_BOUND('',#2450,.T.);
#2637=FACE_BOUND('',#2451,.T.);
#2638=FACE_BOUND('',#2452,.T.);
#2639=FACE_BOUND('',#2453,.T.);
#2640=FACE_BOUND('',#2454,.T.);
#2641=FACE_BOUND('',#2455,.T.);
#2642=FACE_BOUND('',#2456,.T.);
#2643=FACE_BOUND('',#2457,.T.);
#2644=FACE_BOUND('',#2458,.T.);
#2645=PLANE('',#3296);
#2646=PLANE('',#3297);
#2647=PLANE('',#3298);
#2648=PLANE('',#3299);
#2649=PLANE('',#3334);
#2650=PLANE('',#3339);
#2651=PLANE('',#3344);
#2652=PLANE('',#3349);
#2653=PLANE('',#3390);
#2654=PLANE('',#3392);
#2655=PLANE('',#3394);
#2656=PLANE('',#3396);
#2657=PLANE('',#3398);
#2658=PLANE('',#3400);
#2659=PLANE('',#3402);
#2660=PLANE('',#3404);
#2661=PLANE('',#3406);
#2662=PLANE('',#3408);
#2663=PLANE('',#3410);
#2664=PLANE('',#3412);
#2665=PLANE('',#3416);
#2666=PLANE('',#3418);
#2667=PLANE('',#3420);
#2668=PLANE('',#3422);
#2669=PLANE('',#3424);
#2670=PLANE('',#3426);
#2671=PLANE('',#3429);
#2672=PLANE('',#3432);
#2673=PLANE('',#3436);
#2674=PLANE('',#3438);
#2675=PLANE('',#3440);
#2676=PLANE('',#3442);
#2677=PLANE('',#3444);
#2678=PLANE('',#3446);
#2679=PLANE('',#3450);
#2680=PLANE('',#3453);
#2681=PLANE('',#3457);
#2682=PLANE('',#3459);
#2683=PLANE('',#3461);
#2684=PLANE('',#3463);
#2685=PLANE('',#3464);
#2686=PLANE('',#3469);
#2687=PLANE('',#3474);
#2688=PLANE('',#3475);
#2689=PLANE('',#3480);
#2690=PLANE('',#3481);
#2691=PLANE('',#3482);
#2692=PLANE('',#3483);
#2693=PLANE('',#3484);
#2694=PLANE('',#3485);
#2695=PLANE('',#3486);
#2696=PLANE('',#3487);
#2697=PLANE('',#3488);
#2698=PLANE('',#3489);
#2699=PLANE('',#3490);
#2700=PLANE('',#3491);
#2701=PLANE('',#3494);
#2702=PLANE('',#3495);
#2703=PLANE('',#3496);
#2704=PLANE('',#3497);
#2705=PLANE('',#3502);
#2706=PLANE('',#3505);
#2707=PLANE('',#3507);
#2708=PLANE('',#3508);
#2709=PLANE('',#3509);
#2710=PLANE('',#3510);
#2711=PLANE('',#3511);
#2712=PLANE('',#3513);
#2713=PLANE('',#3515);
#2714=PLANE('',#3518);
#2715=PLANE('',#3519);
#2716=PLANE('',#3520);
#2717=PLANE('',#3521);
#2718=PLANE('',#3522);
#2719=PLANE('',#3523);
#2720=PLANE('',#3524);
#2721=PLANE('',#3525);
#2722=PLANE('',#3526);
#2723=PLANE('',#3527);
#2724=PLANE('',#3528);
#2725=ADVANCED_FACE('',(#2459,#2460),#2645,.F.);
#2726=ADVANCED_FACE('',(#2461,#2462),#2646,.T.);
#2727=ADVANCED_FACE('',(#2463),#2647,.T.);
#2728=ADVANCED_FACE('',(#2464,#2465,#2466,#2467,#2468,#2469,#2470,#2471,
#2472,#2473,#2474,#2475,#2476,#2477,#2478,#2479,#2480,#2481,#2482,#2483),
#2648,.F.);
#2729=ADVANCED_FACE('',(#2484,#2485),#2649,.T.);
#2730=ADVANCED_FACE('',(#2486,#2487),#2650,.T.);
#2731=ADVANCED_FACE('',(#2488,#2489),#2651,.T.);
#2732=ADVANCED_FACE('',(#2490,#2491,#2492,#2493,#2494,#2495,#2496,#2497,
#2498,#2499,#2500,#2501,#2502,#2503,#2504,#2505,#2506,#2507,#2508,#2509,
#2510,#2511,#2512,#2513),#2652,.T.);
#2733=ADVANCED_FACE('',(#2514),#31,.F.);
#2734=ADVANCED_FACE('',(#2515),#2653,.T.);
#2735=ADVANCED_FACE('',(#2516),#32,.F.);
#2736=ADVANCED_FACE('',(#2517),#2654,.T.);
#2737=ADVANCED_FACE('',(#2518),#33,.F.);
#2738=ADVANCED_FACE('',(#2519),#2655,.T.);
#2739=ADVANCED_FACE('',(#2520),#34,.F.);
#2740=ADVANCED_FACE('',(#2521),#2656,.T.);
#2741=ADVANCED_FACE('',(#2522),#35,.F.);
#2742=ADVANCED_FACE('',(#2523),#2657,.T.);
#2743=ADVANCED_FACE('',(#2524),#36,.F.);
#2744=ADVANCED_FACE('',(#2525),#2658,.T.);
#2745=ADVANCED_FACE('',(#2526),#37,.F.);
#2746=ADVANCED_FACE('',(#2527),#2659,.T.);
#2747=ADVANCED_FACE('',(#2528),#38,.F.);
#2748=ADVANCED_FACE('',(#2529),#2660,.T.);
#2749=ADVANCED_FACE('',(#2530),#39,.F.);
#2750=ADVANCED_FACE('',(#2531),#2661,.T.);
#2751=ADVANCED_FACE('',(#2532),#40,.F.);
#2752=ADVANCED_FACE('',(#2533),#2662,.T.);
#2753=ADVANCED_FACE('',(#2534),#41,.F.);
#2754=ADVANCED_FACE('',(#2535),#2663,.T.);
#2755=ADVANCED_FACE('',(#2536),#42,.F.);
#2756=ADVANCED_FACE('',(#2537),#2664,.T.);
#2757=ADVANCED_FACE('',(#2538,#2539),#43,.F.);
#2758=ADVANCED_FACE('',(#2540,#2541),#44,.F.);
#2759=ADVANCED_FACE('',(#2542),#45,.F.);
#2760=ADVANCED_FACE('',(#2543),#2665,.T.);
#2761=ADVANCED_FACE('',(#2544),#46,.F.);
#2762=ADVANCED_FACE('',(#2545),#2666,.T.);
#2763=ADVANCED_FACE('',(#2546),#47,.F.);
#2764=ADVANCED_FACE('',(#2547),#2667,.T.);
#2765=ADVANCED_FACE('',(#2548),#48,.F.);
#2766=ADVANCED_FACE('',(#2549),#2668,.T.);
#2767=ADVANCED_FACE('',(#2550),#49,.F.);
#2768=ADVANCED_FACE('',(#2551),#2669,.T.);
#2769=ADVANCED_FACE('',(#2552),#50,.F.);
#2770=ADVANCED_FACE('',(#2553),#2670,.T.);
#2771=ADVANCED_FACE('',(#2554,#2555),#51,.F.);
#2772=ADVANCED_FACE('',(#2556),#52,.F.);
#2773=ADVANCED_FACE('',(#2557),#2671,.T.);
#2774=ADVANCED_FACE('',(#2558),#53,.F.);
#2775=ADVANCED_FACE('',(#2559),#2672,.T.);
#2776=ADVANCED_FACE('',(#2560,#2561),#54,.F.);
#2777=ADVANCED_FACE('',(#2562),#55,.F.);
#2778=ADVANCED_FACE('',(#2563),#2673,.T.);
#2779=ADVANCED_FACE('',(#2564),#56,.F.);
#2780=ADVANCED_FACE('',(#2565),#2674,.T.);
#2781=ADVANCED_FACE('',(#2566),#57,.F.);
#2782=ADVANCED_FACE('',(#2567),#2675,.T.);
#2783=ADVANCED_FACE('',(#2568),#58,.F.);
#2784=ADVANCED_FACE('',(#2569),#2676,.T.);
#2785=ADVANCED_FACE('',(#2570),#59,.F.);
#2786=ADVANCED_FACE('',(#2571),#2677,.T.);
#2787=ADVANCED_FACE('',(#2572),#60,.F.);
#2788=ADVANCED_FACE('',(#2573),#2678,.T.);
#2789=ADVANCED_FACE('',(#2574,#2575),#61,.F.);
#2790=ADVANCED_FACE('',(#2576,#2577),#62,.F.);
#2791=ADVANCED_FACE('',(#2578),#63,.F.);
#2792=ADVANCED_FACE('',(#2579),#2679,.T.);
#2793=ADVANCED_FACE('',(#2580),#64,.F.);
#2794=ADVANCED_FACE('',(#2581),#2680,.T.);
#2795=ADVANCED_FACE('',(#2582,#2583),#65,.F.);
#2796=ADVANCED_FACE('',(#2584),#66,.F.);
#2797=ADVANCED_FACE('',(#2585),#2681,.T.);
#2798=ADVANCED_FACE('',(#2586),#67,.F.);
#2799=ADVANCED_FACE('',(#2587),#2682,.T.);
#2800=ADVANCED_FACE('',(#2588),#68,.F.);
#2801=ADVANCED_FACE('',(#2589),#2683,.T.);
#2802=ADVANCED_FACE('',(#2590),#69,.F.);
#2803=ADVANCED_FACE('',(#2591),#2684,.T.);
#2804=ADVANCED_FACE('',(#2592),#2685,.F.);
#2805=ADVANCED_FACE('',(#2593),#2686,.F.);
#2806=ADVANCED_FACE('',(#2594),#2687,.F.);
#2807=ADVANCED_FACE('',(#2595),#2688,.F.);
#2808=ADVANCED_FACE('',(#2596),#2689,.F.);
#2809=ADVANCED_FACE('',(#2597),#2690,.F.);
#2810=ADVANCED_FACE('',(#2598),#2691,.F.);
#2811=ADVANCED_FACE('',(#2599),#2692,.F.);
#2812=ADVANCED_FACE('',(#2600),#2693,.F.);
#2813=ADVANCED_FACE('',(#2601),#2694,.T.);
#2814=ADVANCED_FACE('',(#2602),#2695,.T.);
#2815=ADVANCED_FACE('',(#2603),#2696,.T.);
#2816=ADVANCED_FACE('',(#2604),#2697,.T.);
#2817=ADVANCED_FACE('',(#2605),#2698,.T.);
#2818=ADVANCED_FACE('',(#2606),#2699,.T.);
#2819=ADVANCED_FACE('',(#2607),#2700,.T.);
#2820=ADVANCED_FACE('',(#2608),#2701,.T.);
#2821=ADVANCED_FACE('',(#2609),#2702,.F.);
#2822=ADVANCED_FACE('',(#2610),#2703,.T.);
#2823=ADVANCED_FACE('',(#2611),#2704,.F.);
#2824=ADVANCED_FACE('',(#2612),#70,.F.);
#2825=ADVANCED_FACE('',(#2613),#71,.F.);
#2826=ADVANCED_FACE('',(#2614),#72,.F.);
#2827=ADVANCED_FACE('',(#2615),#73,.F.);
#2828=ADVANCED_FACE('',(#2616),#2705,.T.);
#2829=ADVANCED_FACE('',(#2617),#2706,.T.);
#2830=ADVANCED_FACE('',(#2618),#2707,.T.);
#2831=ADVANCED_FACE('',(#2619),#2708,.F.);
#2832=ADVANCED_FACE('',(#2620),#2709,.F.);
#2833=ADVANCED_FACE('',(#2621),#2710,.T.);
#2834=ADVANCED_FACE('',(#2622),#2711,.T.);
#2835=ADVANCED_FACE('',(#2623),#2712,.T.);
#2836=ADVANCED_FACE('',(#2624),#2713,.T.);
#2837=ADVANCED_FACE('',(#2625),#2714,.T.);
#2838=ADVANCED_FACE('',(#2626),#2715,.F.);
#2839=ADVANCED_FACE('',(#2627),#2716,.F.);
#2840=ADVANCED_FACE('',(#2628),#2717,.T.);
#2841=ADVANCED_FACE('',(#2629),#2718,.F.);
#2842=ADVANCED_FACE('',(#2630),#2719,.F.);
#2843=ADVANCED_FACE('',(#2631),#2720,.T.);
#2844=ADVANCED_FACE('',(#2632),#2721,.T.);
#2845=ADVANCED_FACE('',(#2633),#2722,.F.);
#2846=ADVANCED_FACE('',(#2634),#2723,.F.);
#2847=ADVANCED_FACE('',(#2635),#2724,.T.);
#2848=ADVANCED_FACE('',(#2636),#74,.F.);
#2849=ADVANCED_FACE('',(#2637),#75,.F.);
#2850=ADVANCED_FACE('',(#2638),#76,.F.);
#2851=ADVANCED_FACE('',(#2639,#2640),#77,.F.);
#2852=ADVANCED_FACE('',(#2641),#78,.F.);
#2853=ADVANCED_FACE('',(#2642),#79,.F.);
#2854=ADVANCED_FACE('',(#2643),#80,.F.);
#2855=ADVANCED_FACE('',(#2644),#81,.F.);
#2856=CLOSED_SHELL('',(#2725,#2726,#2727,#2728,#2729,#2730,#2731,#2732,
#2733,#2734,#2735,#2736,#2737,#2738,#2739,#2740,#2741,#2742,#2743,#2744,
#2745,#2746,#2747,#2748,#2749,#2750,#2751,#2752,#2753,#2754,#2755,#2756,
#2757,#2758,#2759,#2760,#2761,#2762,#2763,#2764,#2765,#2766,#2767,#2768,
#2769,#2770,#2771,#2772,#2773,#2774,#2775,#2776,#2777,#2778,#2779,#2780,
#2781,#2782,#2783,#2784,#2785,#2786,#2787,#2788,#2789,#2790,#2791,#2792,
#2793,#2794,#2795,#2796,#2797,#2798,#2799,#2800,#2801,#2802,#2803,#2804,
#2805,#2806,#2807,#2808,#2809,#2810,#2811,#2812,#2813,#2814,#2815,#2816,
#2817,#2818,#2819,#2820,#2821,#2822,#2823,#2824,#2825,#2826,#2827,#2828,
#2829,#2830,#2831,#2832,#2833,#2834,#2835,#2836,#2837,#2838,#2839,#2840,
#2841,#2842,#2843,#2844,#2845,#2846,#2847,#2848,#2849,#2850,#2851,#2852,
#2853,#2854,#2855));
#2857=STYLED_ITEM('',(#2858),#3292);
#2858=PRESENTATION_STYLE_ASSIGNMENT((#2930));
#2859=PRESENTATION_STYLE_ASSIGNMENT((#2931));
#2860=PRESENTATION_STYLE_ASSIGNMENT((#2932));
#2861=PRESENTATION_STYLE_ASSIGNMENT((#2933));
#2862=PRESENTATION_STYLE_ASSIGNMENT((#2934));
#2863=PRESENTATION_STYLE_ASSIGNMENT((#2935));
#2864=PRESENTATION_STYLE_ASSIGNMENT((#2936));
#2865=PRESENTATION_STYLE_ASSIGNMENT((#2937));
#2866=PRESENTATION_STYLE_ASSIGNMENT((#2938));
#2867=PRESENTATION_STYLE_ASSIGNMENT((#2939));
#2868=PRESENTATION_STYLE_ASSIGNMENT((#2940));
#2869=PRESENTATION_STYLE_ASSIGNMENT((#2941));
#2870=PRESENTATION_STYLE_ASSIGNMENT((#2942));
#2871=PRESENTATION_STYLE_ASSIGNMENT((#2943));
#2872=PRESENTATION_STYLE_ASSIGNMENT((#2944));
#2873=PRESENTATION_STYLE_ASSIGNMENT((#2945));
#2874=PRESENTATION_STYLE_ASSIGNMENT((#2946));
#2875=PRESENTATION_STYLE_ASSIGNMENT((#2947));
#2876=PRESENTATION_STYLE_ASSIGNMENT((#2948));
#2877=PRESENTATION_STYLE_ASSIGNMENT((#2949));
#2878=PRESENTATION_STYLE_ASSIGNMENT((#2950));
#2879=PRESENTATION_STYLE_ASSIGNMENT((#2951));
#2880=PRESENTATION_STYLE_ASSIGNMENT((#2952));
#2881=PRESENTATION_STYLE_ASSIGNMENT((#2953));
#2882=PRESENTATION_STYLE_ASSIGNMENT((#2954));
#2883=PRESENTATION_STYLE_ASSIGNMENT((#2955));
#2884=PRESENTATION_STYLE_ASSIGNMENT((#2956));
#2885=PRESENTATION_STYLE_ASSIGNMENT((#2957));
#2886=PRESENTATION_STYLE_ASSIGNMENT((#2958));
#2887=PRESENTATION_STYLE_ASSIGNMENT((#2959));
#2888=PRESENTATION_STYLE_ASSIGNMENT((#2960));
#2889=PRESENTATION_STYLE_ASSIGNMENT((#2961));
#2890=PRESENTATION_STYLE_ASSIGNMENT((#2962));
#2891=PRESENTATION_STYLE_ASSIGNMENT((#2963));
#2892=PRESENTATION_STYLE_ASSIGNMENT((#2964));
#2893=PRESENTATION_STYLE_ASSIGNMENT((#2965));
#2894=PRESENTATION_STYLE_ASSIGNMENT((#2966));
#2895=PRESENTATION_STYLE_ASSIGNMENT((#2967));
#2896=PRESENTATION_STYLE_ASSIGNMENT((#2968));
#2897=PRESENTATION_STYLE_ASSIGNMENT((#2969));
#2898=PRESENTATION_STYLE_ASSIGNMENT((#2970));
#2899=PRESENTATION_STYLE_ASSIGNMENT((#2971));
#2900=PRESENTATION_STYLE_ASSIGNMENT((#2972));
#2901=PRESENTATION_STYLE_ASSIGNMENT((#2973));
#2902=PRESENTATION_STYLE_ASSIGNMENT((#2974));
#2903=PRESENTATION_STYLE_ASSIGNMENT((#2975));
#2904=PRESENTATION_STYLE_ASSIGNMENT((#2976));
#2905=PRESENTATION_STYLE_ASSIGNMENT((#2977));
#2906=PRESENTATION_STYLE_ASSIGNMENT((#2978));
#2907=PRESENTATION_STYLE_ASSIGNMENT((#2979));
#2908=PRESENTATION_STYLE_ASSIGNMENT((#2980));
#2909=PRESENTATION_STYLE_ASSIGNMENT((#2981));
#2910=PRESENTATION_STYLE_ASSIGNMENT((#2982));
#2911=PRESENTATION_STYLE_ASSIGNMENT((#2983));
#2912=PRESENTATION_STYLE_ASSIGNMENT((#2984));
#2913=PRESENTATION_STYLE_ASSIGNMENT((#2985));
#2914=PRESENTATION_STYLE_ASSIGNMENT((#2986));
#2915=PRESENTATION_STYLE_ASSIGNMENT((#2987));
#2916=PRESENTATION_STYLE_ASSIGNMENT((#2988));
#2917=PRESENTATION_STYLE_ASSIGNMENT((#2989));
#2918=PRESENTATION_STYLE_ASSIGNMENT((#2990));
#2919=PRESENTATION_STYLE_ASSIGNMENT((#2991));
#2920=PRESENTATION_STYLE_ASSIGNMENT((#2992));
#2921=PRESENTATION_STYLE_ASSIGNMENT((#2993));
#2922=PRESENTATION_STYLE_ASSIGNMENT((#2994));
#2923=PRESENTATION_STYLE_ASSIGNMENT((#2995));
#2924=PRESENTATION_STYLE_ASSIGNMENT((#2996));
#2925=PRESENTATION_STYLE_ASSIGNMENT((#2997));
#2926=PRESENTATION_STYLE_ASSIGNMENT((#2998));
#2927=PRESENTATION_STYLE_ASSIGNMENT((#2999));
#2928=PRESENTATION_STYLE_ASSIGNMENT((#3000));
#2929=PRESENTATION_STYLE_ASSIGNMENT((#3001));
#2930=SURFACE_STYLE_USAGE(.BOTH.,#3002);
#2931=SURFACE_STYLE_USAGE(.BOTH.,#3003);
#2932=SURFACE_STYLE_USAGE(.BOTH.,#3004);
#2933=SURFACE_STYLE_USAGE(.BOTH.,#3005);
#2934=SURFACE_STYLE_USAGE(.BOTH.,#3006);
#2935=SURFACE_STYLE_USAGE(.BOTH.,#3007);
#2936=SURFACE_STYLE_USAGE(.BOTH.,#3008);
#2937=SURFACE_STYLE_USAGE(.BOTH.,#3009);
#2938=SURFACE_STYLE_USAGE(.BOTH.,#3010);
#2939=SURFACE_STYLE_USAGE(.BOTH.,#3011);
#2940=SURFACE_STYLE_USAGE(.BOTH.,#3012);
#2941=SURFACE_STYLE_USAGE(.BOTH.,#3013);
#2942=SURFACE_STYLE_USAGE(.BOTH.,#3014);
#2943=SURFACE_STYLE_USAGE(.BOTH.,#3015);
#2944=SURFACE_STYLE_USAGE(.BOTH.,#3016);
#2945=SURFACE_STYLE_USAGE(.BOTH.,#3017);
#2946=SURFACE_STYLE_USAGE(.BOTH.,#3018);
#2947=SURFACE_STYLE_USAGE(.BOTH.,#3019);
#2948=SURFACE_STYLE_USAGE(.BOTH.,#3020);
#2949=SURFACE_STYLE_USAGE(.BOTH.,#3021);
#2950=SURFACE_STYLE_USAGE(.BOTH.,#3022);
#2951=SURFACE_STYLE_USAGE(.BOTH.,#3023);
#2952=SURFACE_STYLE_USAGE(.BOTH.,#3024);
#2953=SURFACE_STYLE_USAGE(.BOTH.,#3025);
#2954=SURFACE_STYLE_USAGE(.BOTH.,#3026);
#2955=SURFACE_STYLE_USAGE(.BOTH.,#3027);
#2956=SURFACE_STYLE_USAGE(.BOTH.,#3028);
#2957=SURFACE_STYLE_USAGE(.BOTH.,#3029);
#2958=SURFACE_STYLE_USAGE(.BOTH.,#3030);
#2959=SURFACE_STYLE_USAGE(.BOTH.,#3031);
#2960=SURFACE_STYLE_USAGE(.BOTH.,#3032);
#2961=SURFACE_STYLE_USAGE(.BOTH.,#3033);
#2962=SURFACE_STYLE_USAGE(.BOTH.,#3034);
#2963=SURFACE_STYLE_USAGE(.BOTH.,#3035);
#2964=SURFACE_STYLE_USAGE(.BOTH.,#3036);
#2965=SURFACE_STYLE_USAGE(.BOTH.,#3037);
#2966=SURFACE_STYLE_USAGE(.BOTH.,#3038);
#2967=SURFACE_STYLE_USAGE(.BOTH.,#3039);
#2968=SURFACE_STYLE_USAGE(.BOTH.,#3040);
#2969=SURFACE_STYLE_USAGE(.BOTH.,#3041);
#2970=SURFACE_STYLE_USAGE(.BOTH.,#3042);
#2971=SURFACE_STYLE_USAGE(.BOTH.,#3043);
#2972=SURFACE_STYLE_USAGE(.BOTH.,#3044);
#2973=SURFACE_STYLE_USAGE(.BOTH.,#3045);
#2974=SURFACE_STYLE_USAGE(.BOTH.,#3046);
#2975=SURFACE_STYLE_USAGE(.BOTH.,#3047);
#2976=SURFACE_STYLE_USAGE(.BOTH.,#3048);
#2977=SURFACE_STYLE_USAGE(.BOTH.,#3049);
#2978=SURFACE_STYLE_USAGE(.BOTH.,#3050);
#2979=SURFACE_STYLE_USAGE(.BOTH.,#3051);
#2980=SURFACE_STYLE_USAGE(.BOTH.,#3052);
#2981=SURFACE_STYLE_USAGE(.BOTH.,#3053);
#2982=SURFACE_STYLE_USAGE(.BOTH.,#3054);
#2983=SURFACE_STYLE_USAGE(.BOTH.,#3055);
#2984=SURFACE_STYLE_USAGE(.BOTH.,#3056);
#2985=SURFACE_STYLE_USAGE(.BOTH.,#3057);
#2986=SURFACE_STYLE_USAGE(.BOTH.,#3058);
#2987=SURFACE_STYLE_USAGE(.BOTH.,#3059);
#2988=SURFACE_STYLE_USAGE(.BOTH.,#3060);
#2989=SURFACE_STYLE_USAGE(.BOTH.,#3061);
#2990=SURFACE_STYLE_USAGE(.BOTH.,#3062);
#2991=SURFACE_STYLE_USAGE(.BOTH.,#3063);
#2992=SURFACE_STYLE_USAGE(.BOTH.,#3064);
#2993=SURFACE_STYLE_USAGE(.BOTH.,#3065);
#2994=SURFACE_STYLE_USAGE(.BOTH.,#3066);
#2995=SURFACE_STYLE_USAGE(.BOTH.,#3067);
#2996=SURFACE_STYLE_USAGE(.BOTH.,#3068);
#2997=SURFACE_STYLE_USAGE(.BOTH.,#3069);
#2998=SURFACE_STYLE_USAGE(.BOTH.,#3070);
#2999=SURFACE_STYLE_USAGE(.BOTH.,#3071);
#3000=SURFACE_STYLE_USAGE(.BOTH.,#3072);
#3001=SURFACE_STYLE_USAGE(.BOTH.,#3073);
#3002=SURFACE_SIDE_STYLE('',(#3074));
#3003=SURFACE_SIDE_STYLE('',(#3075));
#3004=SURFACE_SIDE_STYLE('',(#3076));
#3005=SURFACE_SIDE_STYLE('',(#3077));
#3006=SURFACE_SIDE_STYLE('',(#3078));
#3007=SURFACE_SIDE_STYLE('',(#3079));
#3008=SURFACE_SIDE_STYLE('',(#3080));
#3009=SURFACE_SIDE_STYLE('',(#3081));
#3010=SURFACE_SIDE_STYLE('',(#3082));
#3011=SURFACE_SIDE_STYLE('',(#3083));
#3012=SURFACE_SIDE_STYLE('',(#3084));
#3013=SURFACE_SIDE_STYLE('',(#3085));
#3014=SURFACE_SIDE_STYLE('',(#3086));
#3015=SURFACE_SIDE_STYLE('',(#3087));
#3016=SURFACE_SIDE_STYLE('',(#3088));
#3017=SURFACE_SIDE_STYLE('',(#3089));
#3018=SURFACE_SIDE_STYLE('',(#3090));
#3019=SURFACE_SIDE_STYLE('',(#3091));
#3020=SURFACE_SIDE_STYLE('',(#3092));
#3021=SURFACE_SIDE_STYLE('',(#3093));
#3022=SURFACE_SIDE_STYLE('',(#3094));
#3023=SURFACE_SIDE_STYLE('',(#3095));
#3024=SURFACE_SIDE_STYLE('',(#3096));
#3025=SURFACE_SIDE_STYLE('',(#3097));
#3026=SURFACE_SIDE_STYLE('',(#3098));
#3027=SURFACE_SIDE_STYLE('',(#3099));
#3028=SURFACE_SIDE_STYLE('',(#3100));
#3029=SURFACE_SIDE_STYLE('',(#3101));
#3030=SURFACE_SIDE_STYLE('',(#3102));
#3031=SURFACE_SIDE_STYLE('',(#3103));
#3032=SURFACE_SIDE_STYLE('',(#3104));
#3033=SURFACE_SIDE_STYLE('',(#3105));
#3034=SURFACE_SIDE_STYLE('',(#3106));
#3035=SURFACE_SIDE_STYLE('',(#3107));
#3036=SURFACE_SIDE_STYLE('',(#3108));
#3037=SURFACE_SIDE_STYLE('',(#3109));
#3038=SURFACE_SIDE_STYLE('',(#3110));
#3039=SURFACE_SIDE_STYLE('',(#3111));
#3040=SURFACE_SIDE_STYLE('',(#3112));
#3041=SURFACE_SIDE_STYLE('',(#3113));
#3042=SURFACE_SIDE_STYLE('',(#3114));
#3043=SURFACE_SIDE_STYLE('',(#3115));
#3044=SURFACE_SIDE_STYLE('',(#3116));
#3045=SURFACE_SIDE_STYLE('',(#3117));
#3046=SURFACE_SIDE_STYLE('',(#3118));
#3047=SURFACE_SIDE_STYLE('',(#3119));
#3048=SURFACE_SIDE_STYLE('',(#3120));
#3049=SURFACE_SIDE_STYLE('',(#3121));
#3050=SURFACE_SIDE_STYLE('',(#3122));
#3051=SURFACE_SIDE_STYLE('',(#3123));
#3052=SURFACE_SIDE_STYLE('',(#3124));
#3053=SURFACE_SIDE_STYLE('',(#3125));
#3054=SURFACE_SIDE_STYLE('',(#3126));
#3055=SURFACE_SIDE_STYLE('',(#3127));
#3056=SURFACE_SIDE_STYLE('',(#3128));
#3057=SURFACE_SIDE_STYLE('',(#3129));
#3058=SURFACE_SIDE_STYLE('',(#3130));
#3059=SURFACE_SIDE_STYLE('',(#3131));
#3060=SURFACE_SIDE_STYLE('',(#3132));
#3061=SURFACE_SIDE_STYLE('',(#3133));
#3062=SURFACE_SIDE_STYLE('',(#3134));
#3063=SURFACE_SIDE_STYLE('',(#3135));
#3064=SURFACE_SIDE_STYLE('',(#3136));
#3065=SURFACE_SIDE_STYLE('',(#3137));
#3066=SURFACE_SIDE_STYLE('',(#3138));
#3067=SURFACE_SIDE_STYLE('',(#3139));
#3068=SURFACE_SIDE_STYLE('',(#3140));
#3069=SURFACE_SIDE_STYLE('',(#3141));
#3070=SURFACE_SIDE_STYLE('',(#3142));
#3071=SURFACE_SIDE_STYLE('',(#3143));
#3072=SURFACE_SIDE_STYLE('',(#3144));
#3073=SURFACE_SIDE_STYLE('',(#3145));
#3074=SURFACE_STYLE_FILL_AREA(#3146);
#3075=SURFACE_STYLE_FILL_AREA(#3147);
#3076=SURFACE_STYLE_FILL_AREA(#3148);
#3077=SURFACE_STYLE_FILL_AREA(#3149);
#3078=SURFACE_STYLE_FILL_AREA(#3150);
#3079=SURFACE_STYLE_FILL_AREA(#3151);
#3080=SURFACE_STYLE_FILL_AREA(#3152);
#3081=SURFACE_STYLE_FILL_AREA(#3153);
#3082=SURFACE_STYLE_FILL_AREA(#3154);
#3083=SURFACE_STYLE_FILL_AREA(#3155);
#3084=SURFACE_STYLE_FILL_AREA(#3156);
#3085=SURFACE_STYLE_FILL_AREA(#3157);
#3086=SURFACE_STYLE_FILL_AREA(#3158);
#3087=SURFACE_STYLE_FILL_AREA(#3159);
#3088=SURFACE_STYLE_FILL_AREA(#3160);
#3089=SURFACE_STYLE_FILL_AREA(#3161);
#3090=SURFACE_STYLE_FILL_AREA(#3162);
#3091=SURFACE_STYLE_FILL_AREA(#3163);
#3092=SURFACE_STYLE_FILL_AREA(#3164);
#3093=SURFACE_STYLE_FILL_AREA(#3165);
#3094=SURFACE_STYLE_FILL_AREA(#3166);
#3095=SURFACE_STYLE_FILL_AREA(#3167);
#3096=SURFACE_STYLE_FILL_AREA(#3168);
#3097=SURFACE_STYLE_FILL_AREA(#3169);
#3098=SURFACE_STYLE_FILL_AREA(#3170);
#3099=SURFACE_STYLE_FILL_AREA(#3171);
#3100=SURFACE_STYLE_FILL_AREA(#3172);
#3101=SURFACE_STYLE_FILL_AREA(#3173);
#3102=SURFACE_STYLE_FILL_AREA(#3174);
#3103=SURFACE_STYLE_FILL_AREA(#3175);
#3104=SURFACE_STYLE_FILL_AREA(#3176);
#3105=SURFACE_STYLE_FILL_AREA(#3177);
#3106=SURFACE_STYLE_FILL_AREA(#3178);
#3107=SURFACE_STYLE_FILL_AREA(#3179);
#3108=SURFACE_STYLE_FILL_AREA(#3180);
#3109=SURFACE_STYLE_FILL_AREA(#3181);
#3110=SURFACE_STYLE_FILL_AREA(#3182);
#3111=SURFACE_STYLE_FILL_AREA(#3183);
#3112=SURFACE_STYLE_FILL_AREA(#3184);
#3113=SURFACE_STYLE_FILL_AREA(#3185);
#3114=SURFACE_STYLE_FILL_AREA(#3186);
#3115=SURFACE_STYLE_FILL_AREA(#3187);
#3116=SURFACE_STYLE_FILL_AREA(#3188);
#3117=SURFACE_STYLE_FILL_AREA(#3189);
#3118=SURFACE_STYLE_FILL_AREA(#3190);
#3119=SURFACE_STYLE_FILL_AREA(#3191);
#3120=SURFACE_STYLE_FILL_AREA(#3192);
#3121=SURFACE_STYLE_FILL_AREA(#3193);
#3122=SURFACE_STYLE_FILL_AREA(#3194);
#3123=SURFACE_STYLE_FILL_AREA(#3195);
#3124=SURFACE_STYLE_FILL_AREA(#3196);
#3125=SURFACE_STYLE_FILL_AREA(#3197);
#3126=SURFACE_STYLE_FILL_AREA(#3198);
#3127=SURFACE_STYLE_FILL_AREA(#3199);
#3128=SURFACE_STYLE_FILL_AREA(#3200);
#3129=SURFACE_STYLE_FILL_AREA(#3201);
#3130=SURFACE_STYLE_FILL_AREA(#3202);
#3131=SURFACE_STYLE_FILL_AREA(#3203);
#3132=SURFACE_STYLE_FILL_AREA(#3204);
#3133=SURFACE_STYLE_FILL_AREA(#3205);
#3134=SURFACE_STYLE_FILL_AREA(#3206);
#3135=SURFACE_STYLE_FILL_AREA(#3207);
#3136=SURFACE_STYLE_FILL_AREA(#3208);
#3137=SURFACE_STYLE_FILL_AREA(#3209);
#3138=SURFACE_STYLE_FILL_AREA(#3210);
#3139=SURFACE_STYLE_FILL_AREA(#3211);
#3140=SURFACE_STYLE_FILL_AREA(#3212);
#3141=SURFACE_STYLE_FILL_AREA(#3213);
#3142=SURFACE_STYLE_FILL_AREA(#3214);
#3143=SURFACE_STYLE_FILL_AREA(#3215);
#3144=SURFACE_STYLE_FILL_AREA(#3216);
#3145=SURFACE_STYLE_FILL_AREA(#3217);
#3146=FILL_AREA_STYLE('',(#3218));
#3147=FILL_AREA_STYLE('',(#3219));
#3148=FILL_AREA_STYLE('',(#3220));
#3149=FILL_AREA_STYLE('',(#3221));
#3150=FILL_AREA_STYLE('',(#3222));
#3151=FILL_AREA_STYLE('',(#3223));
#3152=FILL_AREA_STYLE('',(#3224));
#3153=FILL_AREA_STYLE('',(#3225));
#3154=FILL_AREA_STYLE('',(#3226));
#3155=FILL_AREA_STYLE('',(#3227));
#3156=FILL_AREA_STYLE('',(#3228));
#3157=FILL_AREA_STYLE('',(#3229));
#3158=FILL_AREA_STYLE('',(#3230));
#3159=FILL_AREA_STYLE('',(#3231));
#3160=FILL_AREA_STYLE('',(#3232));
#3161=FILL_AREA_STYLE('',(#3233));
#3162=FILL_AREA_STYLE('',(#3234));
#3163=FILL_AREA_STYLE('',(#3235));
#3164=FILL_AREA_STYLE('',(#3236));
#3165=FILL_AREA_STYLE('',(#3237));
#3166=FILL_AREA_STYLE('',(#3238));
#3167=FILL_AREA_STYLE('',(#3239));
#3168=FILL_AREA_STYLE('',(#3240));
#3169=FILL_AREA_STYLE('',(#3241));
#3170=FILL_AREA_STYLE('',(#3242));
#3171=FILL_AREA_STYLE('',(#3243));
#3172=FILL_AREA_STYLE('',(#3244));
#3173=FILL_AREA_STYLE('',(#3245));
#3174=FILL_AREA_STYLE('',(#3246));
#3175=FILL_AREA_STYLE('',(#3247));
#3176=FILL_AREA_STYLE('',(#3248));
#3177=FILL_AREA_STYLE('',(#3249));
#3178=FILL_AREA_STYLE('',(#3250));
#3179=FILL_AREA_STYLE('',(#3251));
#3180=FILL_AREA_STYLE('',(#3252));
#3181=FILL_AREA_STYLE('',(#3253));
#3182=FILL_AREA_STYLE('',(#3254));
#3183=FILL_AREA_STYLE('',(#3255));
#3184=FILL_AREA_STYLE('',(#3256));
#3185=FILL_AREA_STYLE('',(#3257));
#3186=FILL_AREA_STYLE('',(#3258));
#3187=FILL_AREA_STYLE('',(#3259));
#3188=FILL_AREA_STYLE('',(#3260));
#3189=FILL_AREA_STYLE('',(#3261));
#3190=FILL_AREA_STYLE('',(#3262));
#3191=FILL_AREA_STYLE('',(#3263));
#3192=FILL_AREA_STYLE('',(#3264));
#3193=FILL_AREA_STYLE('',(#3265));
#3194=FILL_AREA_STYLE('',(#3266));
#3195=FILL_AREA_STYLE('',(#3267));
#3196=FILL_AREA_STYLE('',(#3268));
#3197=FILL_AREA_STYLE('',(#3269));
#3198=FILL_AREA_STYLE('',(#3270));
#3199=FILL_AREA_STYLE('',(#3271));
#3200=FILL_AREA_STYLE('',(#3272));
#3201=FILL_AREA_STYLE('',(#3273));
#3202=FILL_AREA_STYLE('',(#3274));
#3203=FILL_AREA_STYLE('',(#3275));
#3204=FILL_AREA_STYLE('',(#3276));
#3205=FILL_AREA_STYLE('',(#3277));
#3206=FILL_AREA_STYLE('',(#3278));
#3207=FILL_AREA_STYLE('',(#3279));
#3208=FILL_AREA_STYLE('',(#3280));
#3209=FILL_AREA_STYLE('',(#3281));
#3210=FILL_AREA_STYLE('',(#3282));
#3211=FILL_AREA_STYLE('',(#3283));
#3212=FILL_AREA_STYLE('',(#3284));
#3213=FILL_AREA_STYLE('',(#3285));
#3214=FILL_AREA_STYLE('',(#3286));
#3215=FILL_AREA_STYLE('',(#3287));
#3216=FILL_AREA_STYLE('',(#3288));
#3217=FILL_AREA_STYLE('',(#3289));
#3218=FILL_AREA_STYLE_COLOUR('',#3290);
#3219=FILL_AREA_STYLE_COLOUR('',#3291);
#3220=FILL_AREA_STYLE_COLOUR('',#3291);
#3221=FILL_AREA_STYLE_COLOUR('',#3291);
#3222=FILL_AREA_STYLE_COLOUR('',#3291);
#3223=FILL_AREA_STYLE_COLOUR('',#3291);
#3224=FILL_AREA_STYLE_COLOUR('',#3291);
#3225=FILL_AREA_STYLE_COLOUR('',#3291);
#3226=FILL_AREA_STYLE_COLOUR('',#3291);
#3227=FILL_AREA_STYLE_COLOUR('',#3291);
#3228=FILL_AREA_STYLE_COLOUR('',#3291);
#3229=FILL_AREA_STYLE_COLOUR('',#3291);
#3230=FILL_AREA_STYLE_COLOUR('',#3291);
#3231=FILL_AREA_STYLE_COLOUR('',#3291);
#3232=FILL_AREA_STYLE_COLOUR('',#3291);
#3233=FILL_AREA_STYLE_COLOUR('',#3291);
#3234=FILL_AREA_STYLE_COLOUR('',#3291);
#3235=FILL_AREA_STYLE_COLOUR('',#3291);
#3236=FILL_AREA_STYLE_COLOUR('',#3291);
#3237=FILL_AREA_STYLE_COLOUR('',#3291);
#3238=FILL_AREA_STYLE_COLOUR('',#3291);
#3239=FILL_AREA_STYLE_COLOUR('',#3291);
#3240=FILL_AREA_STYLE_COLOUR('',#3291);
#3241=FILL_AREA_STYLE_COLOUR('',#3291);
#3242=FILL_AREA_STYLE_COLOUR('',#3291);
#3243=FILL_AREA_STYLE_COLOUR('',#3291);
#3244=FILL_AREA_STYLE_COLOUR('',#3291);
#3245=FILL_AREA_STYLE_COLOUR('',#3291);
#3246=FILL_AREA_STYLE_COLOUR('',#3291);
#3247=FILL_AREA_STYLE_COLOUR('',#3291);
#3248=FILL_AREA_STYLE_COLOUR('',#3291);
#3249=FILL_AREA_STYLE_COLOUR('',#3291);
#3250=FILL_AREA_STYLE_COLOUR('',#3291);
#3251=FILL_AREA_STYLE_COLOUR('',#3291);
#3252=FILL_AREA_STYLE_COLOUR('',#3291);
#3253=FILL_AREA_STYLE_COLOUR('',#3291);
#3254=FILL_AREA_STYLE_COLOUR('',#3291);
#3255=FILL_AREA_STYLE_COLOUR('',#3291);
#3256=FILL_AREA_STYLE_COLOUR('',#3291);
#3257=FILL_AREA_STYLE_COLOUR('',#3291);
#3258=FILL_AREA_STYLE_COLOUR('',#3291);
#3259=FILL_AREA_STYLE_COLOUR('',#3291);
#3260=FILL_AREA_STYLE_COLOUR('',#3291);
#3261=FILL_AREA_STYLE_COLOUR('',#3291);
#3262=FILL_AREA_STYLE_COLOUR('',#3291);
#3263=FILL_AREA_STYLE_COLOUR('',#3291);
#3264=FILL_AREA_STYLE_COLOUR('',#3291);
#3265=FILL_AREA_STYLE_COLOUR('',#3291);
#3266=FILL_AREA_STYLE_COLOUR('',#3291);
#3267=FILL_AREA_STYLE_COLOUR('',#3291);
#3268=FILL_AREA_STYLE_COLOUR('',#3291);
#3269=FILL_AREA_STYLE_COLOUR('',#3291);
#3270=FILL_AREA_STYLE_COLOUR('',#3291);
#3271=FILL_AREA_STYLE_COLOUR('',#3291);
#3272=FILL_AREA_STYLE_COLOUR('',#3291);
#3273=FILL_AREA_STYLE_COLOUR('',#3291);
#3274=FILL_AREA_STYLE_COLOUR('',#3291);
#3275=FILL_AREA_STYLE_COLOUR('',#3291);
#3276=FILL_AREA_STYLE_COLOUR('',#3291);
#3277=FILL_AREA_STYLE_COLOUR('',#3291);
#3278=FILL_AREA_STYLE_COLOUR('',#3291);
#3279=FILL_AREA_STYLE_COLOUR('',#3291);
#3280=FILL_AREA_STYLE_COLOUR('',#3291);
#3281=FILL_AREA_STYLE_COLOUR('',#3291);
#3282=FILL_AREA_STYLE_COLOUR('',#3291);
#3283=FILL_AREA_STYLE_COLOUR('',#3291);
#3284=FILL_AREA_STYLE_COLOUR('',#3291);
#3285=FILL_AREA_STYLE_COLOUR('',#3291);
#3286=FILL_AREA_STYLE_COLOUR('',#3291);
#3287=FILL_AREA_STYLE_COLOUR('',#3291);
#3288=FILL_AREA_STYLE_COLOUR('',#3291);
#3289=FILL_AREA_STYLE_COLOUR('',#3291);
#3290=COLOUR_RGB('',0.,0.376470588235294,0.580392156862745);
#3291=COLOUR_RGB('',0.937254901960784,0.937254901960784,0.650980392156863);
#3292=MANIFOLD_SOLID_BREP('Board~ZDTx',#2856);
#3293=SHAPE_DEFINITION_REPRESENTATION(#5148,#3294);
#3294=SHAPE_REPRESENTATION('Board~ZDTx',(#3295),#5143);
#3295=AXIS2_PLACEMENT_3D('',#4298,#3537,#3538);
#3296=AXIS2_PLACEMENT_3D('',#4299,#3539,#3540);
#3297=AXIS2_PLACEMENT_3D('',#4316,#3549,#3550);
#3298=AXIS2_PLACEMENT_3D('',#4333,#3559,#3560);
#3299=AXIS2_PLACEMENT_3D('',#4376,#3583,#3584);
#3300=AXIS2_PLACEMENT_3D('',#4377,#3585,#3586);
#3301=AXIS2_PLACEMENT_3D('',#4382,#3588,#3589);
#3302=AXIS2_PLACEMENT_3D('',#4385,#3591,#3592);
#3303=AXIS2_PLACEMENT_3D('',#4390,#3594,#3595);
#3304=AXIS2_PLACEMENT_3D('',#4393,#3597,#3598);
#3305=AXIS2_PLACEMENT_3D('',#4398,#3600,#3601);
#3306=AXIS2_PLACEMENT_3D('',#4401,#3603,#3604);
#3307=AXIS2_PLACEMENT_3D('',#4406,#3606,#3607);
#3308=AXIS2_PLACEMENT_3D('',#4409,#3609,#3610);
#3309=AXIS2_PLACEMENT_3D('',#4414,#3612,#3613);
#3310=AXIS2_PLACEMENT_3D('',#4417,#3615,#3616);
#3311=AXIS2_PLACEMENT_3D('',#4419,#3617,#3618);
#3312=AXIS2_PLACEMENT_3D('',#4421,#3619,#3620);
#3313=AXIS2_PLACEMENT_3D('',#4426,#3622,#3623);
#3314=AXIS2_PLACEMENT_3D('',#4429,#3625,#3626);
#3315=AXIS2_PLACEMENT_3D('',#4434,#3628,#3629);
#3316=AXIS2_PLACEMENT_3D('',#4437,#3631,#3632);
#3317=AXIS2_PLACEMENT_3D('',#4439,#3633,#3634);
#3318=AXIS2_PLACEMENT_3D('',#4441,#3635,#3636);
#3319=AXIS2_PLACEMENT_3D('',#4446,#3638,#3639);
#3320=AXIS2_PLACEMENT_3D('',#4449,#3641,#3642);
#3321=AXIS2_PLACEMENT_3D('',#4454,#3644,#3645);
#3322=AXIS2_PLACEMENT_3D('',#4457,#3647,#3648);
#3323=AXIS2_PLACEMENT_3D('',#4462,#3650,#3651);
#3324=AXIS2_PLACEMENT_3D('',#4465,#3653,#3654);
#3325=AXIS2_PLACEMENT_3D('',#4467,#3655,#3656);
#3326=AXIS2_PLACEMENT_3D('',#4469,#3657,#3658);
#3327=AXIS2_PLACEMENT_3D('',#4471,#3659,#3660);
#3328=AXIS2_PLACEMENT_3D('',#4476,#3662,#3663);
#3329=AXIS2_PLACEMENT_3D('',#4479,#3665,#3666);
#3330=AXIS2_PLACEMENT_3D('',#4484,#3668,#3669);
#3331=AXIS2_PLACEMENT_3D('',#4509,#3682,#3683);
#3332=AXIS2_PLACEMENT_3D('',#4535,#3696,#3697);
#3333=AXIS2_PLACEMENT_3D('',#4539,#3699,#3700);
#3334=AXIS2_PLACEMENT_3D('',#4540,#3701,#3702);
#3335=AXIS2_PLACEMENT_3D('',#4549,#3707,#3708);
#3336=AXIS2_PLACEMENT_3D('',#4553,#3710,#3711);
#3337=AXIS2_PLACEMENT_3D('',#4557,#3713,#3714);
#3338=AXIS2_PLACEMENT_3D('',#4561,#3716,#3717);
#3339=AXIS2_PLACEMENT_3D('',#4562,#3718,#3719);
#3340=AXIS2_PLACEMENT_3D('',#4571,#3724,#3725);
#3341=AXIS2_PLACEMENT_3D('',#4575,#3727,#3728);
#3342=AXIS2_PLACEMENT_3D('',#4579,#3730,#3731);
#3343=AXIS2_PLACEMENT_3D('',#4583,#3733,#3734);
#3344=AXIS2_PLACEMENT_3D('',#4584,#3735,#3736);
#3345=AXIS2_PLACEMENT_3D('',#4591,#3740,#3741);
#3346=AXIS2_PLACEMENT_3D('',#4595,#3743,#3744);
#3347=AXIS2_PLACEMENT_3D('',#4599,#3746,#3747);
#3348=AXIS2_PLACEMENT_3D('',#4603,#3749,#3750);
#3349=AXIS2_PLACEMENT_3D('',#4604,#3751,#3752);
#3350=AXIS2_PLACEMENT_3D('',#4608,#3754,#3755);
#3351=AXIS2_PLACEMENT_3D('',#4612,#3757,#3758);
#3352=AXIS2_PLACEMENT_3D('',#4616,#3760,#3761);
#3353=AXIS2_PLACEMENT_3D('',#4620,#3763,#3764);
#3354=AXIS2_PLACEMENT_3D('',#4624,#3766,#3767);
#3355=AXIS2_PLACEMENT_3D('',#4628,#3769,#3770);
#3356=AXIS2_PLACEMENT_3D('',#4632,#3772,#3773);
#3357=AXIS2_PLACEMENT_3D('',#4636,#3775,#3776);
#3358=AXIS2_PLACEMENT_3D('',#4640,#3778,#3779);
#3359=AXIS2_PLACEMENT_3D('',#4644,#3781,#3782);
#3360=AXIS2_PLACEMENT_3D('',#4648,#3784,#3785);
#3361=AXIS2_PLACEMENT_3D('',#4652,#3787,#3788);
#3362=AXIS2_PLACEMENT_3D('',#4653,#3789,#3790);
#3363=AXIS2_PLACEMENT_3D('',#4655,#3791,#3792);
#3364=AXIS2_PLACEMENT_3D('',#4660,#3794,#3795);
#3365=AXIS2_PLACEMENT_3D('',#4664,#3797,#3798);
#3366=AXIS2_PLACEMENT_3D('',#4668,#3800,#3801);
#3367=AXIS2_PLACEMENT_3D('',#4672,#3803,#3804);
#3368=AXIS2_PLACEMENT_3D('',#4676,#3806,#3807);
#3369=AXIS2_PLACEMENT_3D('',#4680,#3809,#3810);
#3370=AXIS2_PLACEMENT_3D('',#4681,#3811,#3812);
#3371=AXIS2_PLACEMENT_3D('',#4686,#3814,#3815);
#3372=AXIS2_PLACEMENT_3D('',#4690,#3817,#3818);
#3373=AXIS2_PLACEMENT_3D('',#4691,#3819,#3820);
#3374=AXIS2_PLACEMENT_3D('',#4696,#3822,#3823);
#3375=AXIS2_PLACEMENT_3D('',#4700,#3825,#3826);
#3376=AXIS2_PLACEMENT_3D('',#4704,#3828,#3829);
#3377=AXIS2_PLACEMENT_3D('',#4708,#3831,#3832);
#3378=AXIS2_PLACEMENT_3D('',#4712,#3834,#3835);
#3379=AXIS2_PLACEMENT_3D('',#4716,#3837,#3838);
#3380=AXIS2_PLACEMENT_3D('',#4717,#3839,#3840);
#3381=AXIS2_PLACEMENT_3D('',#4719,#3841,#3842);
#3382=AXIS2_PLACEMENT_3D('',#4724,#3844,#3845);
#3383=AXIS2_PLACEMENT_3D('',#4728,#3847,#3848);
#3384=AXIS2_PLACEMENT_3D('',#4729,#3849,#3850);
#3385=AXIS2_PLACEMENT_3D('',#4734,#3852,#3853);
#3386=AXIS2_PLACEMENT_3D('',#4738,#3855,#3856);
#3387=AXIS2_PLACEMENT_3D('',#4742,#3858,#3859);
#3388=AXIS2_PLACEMENT_3D('',#4746,#3861,#3862);
#3389=AXIS2_PLACEMENT_3D('',#4756,#3869,#3870);
#3390=AXIS2_PLACEMENT_3D('',#4759,#3873,#3874);
#3391=AXIS2_PLACEMENT_3D('',#4761,#3876,#3877);
#3392=AXIS2_PLACEMENT_3D('',#4763,#3879,#3880);
#3393=AXIS2_PLACEMENT_3D('',#4764,#3881,#3882);
#3394=AXIS2_PLACEMENT_3D('',#4767,#3885,#3886);
#3395=AXIS2_PLACEMENT_3D('',#4769,#3888,#3889);
#3396=AXIS2_PLACEMENT_3D('',#4771,#3891,#3892);
#3397=AXIS2_PLACEMENT_3D('',#4772,#3893,#3894);
#3398=AXIS2_PLACEMENT_3D('',#4775,#3897,#3898);
#3399=AXIS2_PLACEMENT_3D('',#4777,#3900,#3901);
#3400=AXIS2_PLACEMENT_3D('',#4779,#3903,#3904);
#3401=AXIS2_PLACEMENT_3D('',#4780,#3905,#3906);
#3402=AXIS2_PLACEMENT_3D('',#4783,#3909,#3910);
#3403=AXIS2_PLACEMENT_3D('',#4785,#3912,#3913);
#3404=AXIS2_PLACEMENT_3D('',#4787,#3915,#3916);
#3405=AXIS2_PLACEMENT_3D('',#4788,#3917,#3918);
#3406=AXIS2_PLACEMENT_3D('',#4791,#3921,#3922);
#3407=AXIS2_PLACEMENT_3D('',#4793,#3924,#3925);
#3408=AXIS2_PLACEMENT_3D('',#4795,#3927,#3928);
#3409=AXIS2_PLACEMENT_3D('',#4796,#3929,#3930);
#3410=AXIS2_PLACEMENT_3D('',#4813,#3935,#3936);
#3411=AXIS2_PLACEMENT_3D('',#4817,#3939,#3940);
#3412=AXIS2_PLACEMENT_3D('',#4825,#3942,#3943);
#3413=AXIS2_PLACEMENT_3D('',#4827,#3945,#3946);
#3414=AXIS2_PLACEMENT_3D('',#4828,#3947,#3948);
#3415=AXIS2_PLACEMENT_3D('',#4829,#3949,#3950);
#3416=AXIS2_PLACEMENT_3D('',#4832,#3953,#3954);
#3417=AXIS2_PLACEMENT_3D('',#4834,#3956,#3957);
#3418=AXIS2_PLACEMENT_3D('',#4836,#3959,#3960);
#3419=AXIS2_PLACEMENT_3D('',#4837,#3961,#3962);
#3420=AXIS2_PLACEMENT_3D('',#4854,#3967,#3968);
#3421=AXIS2_PLACEMENT_3D('',#4858,#3971,#3972);
#3422=AXIS2_PLACEMENT_3D('',#4866,#3974,#3975);
#3423=AXIS2_PLACEMENT_3D('',#4868,#3977,#3978);
#3424=AXIS2_PLACEMENT_3D('',#4871,#3981,#3982);
#3425=AXIS2_PLACEMENT_3D('',#4873,#3984,#3985);
#3426=AXIS2_PLACEMENT_3D('',#4875,#3987,#3988);
#3427=AXIS2_PLACEMENT_3D('',#4876,#3989,#3990);
#3428=AXIS2_PLACEMENT_3D('',#4877,#3991,#3992);
#3429=AXIS2_PLACEMENT_3D('',#4889,#3995,#3996);
#3430=AXIS2_PLACEMENT_3D('',#4890,#3997,#3998);
#3431=AXIS2_PLACEMENT_3D('',#4893,#4000,#4001);
#3432=AXIS2_PLACEMENT_3D('',#4903,#4003,#4004);
#3433=AXIS2_PLACEMENT_3D('',#4904,#4005,#4006);
#3434=AXIS2_PLACEMENT_3D('',#4905,#4007,#4008);
#3435=AXIS2_PLACEMENT_3D('',#4906,#4009,#4010);
#3436=AXIS2_PLACEMENT_3D('',#4909,#4013,#4014);
#3437=AXIS2_PLACEMENT_3D('',#4911,#4016,#4017);
#3438=AXIS2_PLACEMENT_3D('',#4913,#4019,#4020);
#3439=AXIS2_PLACEMENT_3D('',#4914,#4021,#4022);
#3440=AXIS2_PLACEMENT_3D('',#4917,#4025,#4026);
#3441=AXIS2_PLACEMENT_3D('',#4919,#4028,#4029);
#3442=AXIS2_PLACEMENT_3D('',#4921,#4031,#4032);
#3443=AXIS2_PLACEMENT_3D('',#4922,#4033,#4034);
#3444=AXIS2_PLACEMENT_3D('',#4925,#4037,#4038);
#3445=AXIS2_PLACEMENT_3D('',#4927,#4040,#4041);
#3446=AXIS2_PLACEMENT_3D('',#4929,#4043,#4044);
#3447=AXIS2_PLACEMENT_3D('',#4930,#4045,#4046);
#3448=AXIS2_PLACEMENT_3D('',#4931,#4047,#4048);
#3449=AXIS2_PLACEMENT_3D('',#4932,#4049,#4050);
#3450=AXIS2_PLACEMENT_3D('',#4949,#4055,#4056);
#3451=AXIS2_PLACEMENT_3D('',#4952,#4058,#4059);
#3452=AXIS2_PLACEMENT_3D('',#4953,#4060,#4061);
#3453=AXIS2_PLACEMENT_3D('',#4963,#4063,#4064);
#3454=AXIS2_PLACEMENT_3D('',#4964,#4065,#4066);
#3455=AXIS2_PLACEMENT_3D('',#4965,#4067,#4068);
#3456=AXIS2_PLACEMENT_3D('',#4966,#4069,#4070);
#3457=AXIS2_PLACEMENT_3D('',#4969,#4073,#4074);
#3458=AXIS2_PLACEMENT_3D('',#4971,#4076,#4077);
#3459=AXIS2_PLACEMENT_3D('',#4973,#4079,#4080);
#3460=AXIS2_PLACEMENT_3D('',#4974,#4081,#4082);
#3461=AXIS2_PLACEMENT_3D('',#4977,#4085,#4086);
#3462=AXIS2_PLACEMENT_3D('',#4979,#4088,#4089);
#3463=AXIS2_PLACEMENT_3D('',#4981,#4091,#4092);
#3464=AXIS2_PLACEMENT_3D('',#4982,#4093,#4094);
#3465=AXIS2_PLACEMENT_3D('',#4986,#4096,#4097);
#3466=AXIS2_PLACEMENT_3D('',#4990,#4099,#4100);
#3467=AXIS2_PLACEMENT_3D('',#4993,#4103,#4104);
#3468=AXIS2_PLACEMENT_3D('',#4997,#4106,#4107);
#3469=AXIS2_PLACEMENT_3D('',#4998,#4108,#4109);
#3470=AXIS2_PLACEMENT_3D('',#5002,#4111,#4112);
#3471=AXIS2_PLACEMENT_3D('',#5006,#4114,#4115);
#3472=AXIS2_PLACEMENT_3D('',#5008,#4117,#4118);
#3473=AXIS2_PLACEMENT_3D('',#5012,#4120,#4121);
#3474=AXIS2_PLACEMENT_3D('',#5013,#4122,#4123);
#3475=AXIS2_PLACEMENT_3D('',#5015,#4125,#4126);
#3476=AXIS2_PLACEMENT_3D('',#5019,#4128,#4129);
#3477=AXIS2_PLACEMENT_3D('',#5023,#4131,#4132);
#3478=AXIS2_PLACEMENT_3D('',#5025,#4134,#4135);
#3479=AXIS2_PLACEMENT_3D('',#5029,#4137,#4138);
#3480=AXIS2_PLACEMENT_3D('',#5030,#4139,#4140);
#3481=AXIS2_PLACEMENT_3D('',#5032,#4142,#4143);
#3482=AXIS2_PLACEMENT_3D('',#5039,#4148,#4149);
#3483=AXIS2_PLACEMENT_3D('',#5040,#4150,#4151);
#3484=AXIS2_PLACEMENT_3D('',#5042,#4153,#4154);
#3485=AXIS2_PLACEMENT_3D('',#5043,#4155,#4156);
#3486=AXIS2_PLACEMENT_3D('',#5044,#4157,#4158);
#3487=AXIS2_PLACEMENT_3D('',#5046,#4160,#4161);
#3488=AXIS2_PLACEMENT_3D('',#5053,#4166,#4167);
#3489=AXIS2_PLACEMENT_3D('',#5054,#4168,#4169);
#3490=AXIS2_PLACEMENT_3D('',#5056,#4171,#4172);
#3491=AXIS2_PLACEMENT_3D('',#5057,#4173,#4174);
#3492=AXIS2_PLACEMENT_3D('',#5061,#4176,#4177);
#3493=AXIS2_PLACEMENT_3D('',#5062,#4178,#4179);
#3494=AXIS2_PLACEMENT_3D('',#5063,#4180,#4181);
#3495=AXIS2_PLACEMENT_3D('',#5066,#4184,#4185);
#3496=AXIS2_PLACEMENT_3D('',#5069,#4188,#4189);
#3497=AXIS2_PLACEMENT_3D('',#5072,#4192,#4193);
#3498=AXIS2_PLACEMENT_3D('',#5075,#4196,#4197);
#3499=AXIS2_PLACEMENT_3D('',#5076,#4198,#4199);
#3500=AXIS2_PLACEMENT_3D('',#5077,#4200,#4201);
#3501=AXIS2_PLACEMENT_3D('',#5078,#4202,#4203);
#3502=AXIS2_PLACEMENT_3D('',#5079,#4204,#4205);
#3503=AXIS2_PLACEMENT_3D('',#5083,#4207,#4208);
#3504=AXIS2_PLACEMENT_3D('',#5084,#4209,#4210);
#3505=AXIS2_PLACEMENT_3D('',#5085,#4211,#4212);
#3506=AXIS2_PLACEMENT_3D('',#5086,#4213,#4214);
#3507=AXIS2_PLACEMENT_3D('',#5087,#4215,#4216);
#3508=AXIS2_PLACEMENT_3D('',#5090,#4219,#4220);
#3509=AXIS2_PLACEMENT_3D('',#5093,#4223,#4224);
#3510=AXIS2_PLACEMENT_3D('',#5096,#4227,#4228);
#3511=AXIS2_PLACEMENT_3D('',#5099,#4231,#4232);
#3512=AXIS2_PLACEMENT_3D('',#5100,#4233,#4234);
#3513=AXIS2_PLACEMENT_3D('',#5101,#4235,#4236);
#3514=AXIS2_PLACEMENT_3D('',#5102,#4237,#4238);
#3515=AXIS2_PLACEMENT_3D('',#5103,#4239,#4240);
#3516=AXIS2_PLACEMENT_3D('',#5104,#4241,#4242);
#3517=AXIS2_PLACEMENT_3D('',#5108,#4244,#4245);
#3518=AXIS2_PLACEMENT_3D('',#5109,#4246,#4247);
#3519=AXIS2_PLACEMENT_3D('',#5112,#4250,#4251);
#3520=AXIS2_PLACEMENT_3D('',#5115,#4254,#4255);
#3521=AXIS2_PLACEMENT_3D('',#5118,#4258,#4259);
#3522=AXIS2_PLACEMENT_3D('',#5121,#4262,#4263);
#3523=AXIS2_PLACEMENT_3D('',#5124,#4266,#4267);
#3524=AXIS2_PLACEMENT_3D('',#5125,#4268,#4269);
#3525=AXIS2_PLACEMENT_3D('',#5126,#4270,#4271);
#3526=AXIS2_PLACEMENT_3D('',#5129,#4274,#4275);
#3527=AXIS2_PLACEMENT_3D('',#5131,#4277,#4278);
#3528=AXIS2_PLACEMENT_3D('',#5133,#4280,#4281);
#3529=AXIS2_PLACEMENT_3D('',#5134,#4282,#4283);
#3530=AXIS2_PLACEMENT_3D('',#5135,#4284,#4285);
#3531=AXIS2_PLACEMENT_3D('',#5136,#4286,#4287);
#3532=AXIS2_PLACEMENT_3D('',#5137,#4288,#4289);
#3533=AXIS2_PLACEMENT_3D('',#5138,#4290,#4291);
#3534=AXIS2_PLACEMENT_3D('',#5139,#4292,#4293);
#3535=AXIS2_PLACEMENT_3D('',#5140,#4294,#4295);
#3536=AXIS2_PLACEMENT_3D('',#5141,#4296,#4297);
#3537=DIRECTION('',(0.,0.,1.));
#3538=DIRECTION('',(1.,0.,0.));
#3539=DIRECTION('',(0.,1.,0.));
#3540=DIRECTION('',(0.,0.,1.));
#3541=DIRECTION('',(0.,0.,-1.));
#3542=DIRECTION('',(1.,0.,0.));
#3543=DIRECTION('',(0.,0.,-1.));
#3544=DIRECTION('',(1.,0.,0.));
#3545=DIRECTION('',(-1.,0.,0.));
#3546=DIRECTION('',(0.,0.,-1.));
#3547=DIRECTION('',(-1.,0.,0.));
#3548=DIRECTION('',(0.,0.,-1.));
#3549=DIRECTION('',(0.,1.,0.));
#3550=DIRECTION('',(0.,0.,1.));
#3551=DIRECTION('',(1.,0.,0.));
#3552=DIRECTION('',(0.,0.,-1.));
#3553=DIRECTION('',(1.,0.,0.));
#3554=DIRECTION('',(0.,0.,-1.));
#3555=DIRECTION('',(0.,0.,-1.));
#3556=DIRECTION('',(-1.,0.,0.));
#3557=DIRECTION('',(0.,0.,-1.));
#3558=DIRECTION('',(-1.,0.,0.));
#3559=DIRECTION('',(0.,0.,1.));
#3560=DIRECTION('',(1.,0.,0.));
#3561=DIRECTION('',(0.,-1.,0.));
#3562=DIRECTION('',(1.,0.,0.));
#3563=DIRECTION('',(0.,-1.,0.));
#3564=DIRECTION('',(0.706618794438324,-0.707594431398757,0.));
#3565=DIRECTION('',(0.707594431398756,0.706618794438324,0.));
#3566=DIRECTION('',(0.99988434233744,0.0152086142835048,0.));
#3567=DIRECTION('',(0.721221568096644,0.692704446147286,0.));
#3568=DIRECTION('',(0.,1.,0.));
#3569=DIRECTION('',(-0.741688037029446,0.670745000523603,0.));
#3570=DIRECTION('',(-1.,0.,0.));
#3571=DIRECTION('',(-0.707594431398756,-0.706618794438324,0.));
#3572=DIRECTION('',(0.,-1.,0.));
#3573=DIRECTION('',(1.,0.,0.));
#3574=DIRECTION('',(0.,-1.,0.));
#3575=DIRECTION('',(-0.707106781186608,-0.707106781186487,0.));
#3576=DIRECTION('',(-1.,0.,0.));
#3577=DIRECTION('',(-0.707106781185374,0.707106781187721,0.));
#3578=DIRECTION('',(0.,1.,0.));
#3579=DIRECTION('',(0.707106781186461,0.707106781186634,0.));
#3580=DIRECTION('',(1.,0.,0.));
#3581=DIRECTION('',(0.707594431398756,0.706618794438324,0.));
#3582=DIRECTION('',(0.707106781186438,-0.707106781186657,0.));
#3583=DIRECTION('',(0.,0.,-1.));
#3584=DIRECTION('',(-1.,0.,0.));
#3585=DIRECTION('',(0.,0.,1.));
#3586=DIRECTION('',(1.110223024625E-16,-1.,0.));
#3587=DIRECTION('',(1.,-1.973757673525E-15,0.));
#3588=DIRECTION('',(0.,0.,1.));
#3589=DIRECTION('',(-1.110223024625E-16,1.,0.));
#3590=DIRECTION('',(-1.,0.,0.));
#3591=DIRECTION('',(0.,0.,1.));
#3592=DIRECTION('',(1.110223024625E-16,-1.,0.));
#3593=DIRECTION('',(1.,0.,0.));
#3594=DIRECTION('',(0.,0.,1.));
#3595=DIRECTION('',(-1.110223024625E-16,1.,0.));
#3596=DIRECTION('',(-1.,0.,0.));
#3597=DIRECTION('',(0.,0.,1.));
#3598=DIRECTION('',(-1.,-1.110223024625E-16,0.));
#3599=DIRECTION('',(0.,-1.,0.));
#3600=DIRECTION('',(0.,0.,1.));
#3601=DIRECTION('',(1.,1.110223024625E-16,0.));
#3602=DIRECTION('',(0.,1.,0.));
#3603=DIRECTION('',(0.,0.,1.));
#3604=DIRECTION('',(-1.,-1.110223024625E-16,0.));
#3605=DIRECTION('',(0.,-1.,0.));
#3606=DIRECTION('',(0.,0.,1.));
#3607=DIRECTION('',(1.,1.110223024625E-16,0.));
#3608=DIRECTION('',(0.,1.,0.));
#3609=DIRECTION('',(0.,0.,1.));
#3610=DIRECTION('',(1.,1.110223024625E-16,0.));
#3611=DIRECTION('',(1.973674119975E-15,1.,0.));
#3612=DIRECTION('',(0.,0.,1.));
#3613=DIRECTION('',(-1.,-1.110223024625E-16,0.));
#3614=DIRECTION('',(0.,-1.,0.));
#3615=DIRECTION('',(0.,0.,1.));
#3616=DIRECTION('',(1.,1.110223024625E-16,0.));
#3617=DIRECTION('',(0.,0.,1.));
#3618=DIRECTION('',(1.,1.110223024625E-16,0.));
#3619=DIRECTION('',(0.,0.,1.));
#3620=DIRECTION('',(1.,1.110223024625E-16,0.));
#3621=DIRECTION('',(1.54197642309E-17,1.,0.));
#3622=DIRECTION('',(0.,0.,1.));
#3623=DIRECTION('',(-1.,-1.110223024625E-16,0.));
#3624=DIRECTION('',(0.,-1.,0.));
#3625=DIRECTION('',(0.,0.,1.));
#3626=DIRECTION('',(-0.707106781186548,-0.707106781186548,0.));
#3627=DIRECTION('',(0.707106781186548,-0.707106781186548,0.));
#3628=DIRECTION('',(0.,0.,1.));
#3629=DIRECTION('',(0.707106781186548,0.707106781186548,0.));
#3630=DIRECTION('',(-0.707106781186548,0.707106781186548,0.));
#3631=DIRECTION('',(0.,0.,1.));
#3632=DIRECTION('',(1.,1.110223024625E-16,0.));
#3633=DIRECTION('',(0.,0.,1.));
#3634=DIRECTION('',(1.,1.110223024625E-16,0.));
#3635=DIRECTION('',(0.,0.,1.));
#3636=DIRECTION('',(-0.707106781186548,-0.707106781186548,0.));
#3637=DIRECTION('',(0.707106781186548,-0.707106781186548,0.));
#3638=DIRECTION('',(0.,0.,1.));
#3639=DIRECTION('',(0.707106781186548,0.707106781186548,0.));
#3640=DIRECTION('',(-0.707106781186548,0.707106781186548,0.));
#3641=DIRECTION('',(0.,0.,1.));
#3642=DIRECTION('',(1.110223024625E-16,-1.,0.));
#3643=DIRECTION('',(1.,0.,0.));
#3644=DIRECTION('',(0.,0.,1.));
#3645=DIRECTION('',(-1.110223024625E-16,1.,0.));
#3646=DIRECTION('',(-1.,0.,0.));
#3647=DIRECTION('',(0.,0.,1.));
#3648=DIRECTION('',(1.110223024625E-16,-1.,0.));
#3649=DIRECTION('',(1.,0.,0.));
#3650=DIRECTION('',(0.,0.,1.));
#3651=DIRECTION('',(-1.110223024625E-16,1.,0.));
#3652=DIRECTION('',(-1.,0.,0.));
#3653=DIRECTION('',(0.,0.,1.));
#3654=DIRECTION('',(1.,1.110223024625E-16,0.));
#3655=DIRECTION('',(0.,0.,1.));
#3656=DIRECTION('',(1.,1.110223024625E-16,0.));
#3657=DIRECTION('',(0.,0.,1.));
#3658=DIRECTION('',(1.,1.110223024625E-16,0.));
#3659=DIRECTION('',(0.,0.,-1.));
#3660=DIRECTION('',(-1.,0.,0.));
#3661=DIRECTION('',(1.,0.,0.));
#3662=DIRECTION('',(0.,0.,-1.));
#3663=DIRECTION('',(-1.,0.,0.));
#3664=DIRECTION('',(-1.,0.,0.));
#3665=DIRECTION('',(0.,0.,-1.));
#3666=DIRECTION('',(-1.,0.,0.));
#3667=DIRECTION('',(1.,0.,0.));
#3668=DIRECTION('',(0.,0.,-1.));
#3669=DIRECTION('',(-1.,0.,0.));
#3670=DIRECTION('',(-1.,0.,0.));
#3671=DIRECTION('',(-1.,0.,0.));
#3672=DIRECTION('',(0.,-1.,0.));
#3673=DIRECTION('',(-1.,0.,0.));
#3674=DIRECTION('',(-0.707106781186548,-0.707106781186548,0.));
#3675=DIRECTION('',(0.,-1.,0.));
#3676=DIRECTION('',(0.707106781186548,-0.707106781186548,0.));
#3677=DIRECTION('',(0.70759443139904,0.70661879443804,0.));
#3678=DIRECTION('',(1.,0.,0.));
#3679=DIRECTION('',(0.707106781186548,0.707106781186548,0.));
#3680=DIRECTION('',(0.692704446147286,-0.721221568096644,0.));
#3681=DIRECTION('',(0.721221568096644,0.692704446147286,0.));
#3682=DIRECTION('',(0.,0.,-1.));
#3683=DIRECTION('',(-1.,0.,0.));
#3684=DIRECTION('',(0.721221568096644,0.692704446147286,0.));
#3685=DIRECTION('',(-0.692704446147286,0.721221568096644,0.));
#3686=DIRECTION('',(0.707106781186548,0.707106781186548,0.));
#3687=DIRECTION('',(0.,1.,0.));
#3688=DIRECTION('',(1.,0.,0.));
#3689=DIRECTION('',(0.,1.,0.));
#3690=DIRECTION('',(-1.,0.,0.));
#3691=DIRECTION('',(0.,1.,0.));
#3692=DIRECTION('',(-0.707106781186548,0.707106781186548,0.));
#3693=DIRECTION('',(-1.,0.,0.));
#3694=DIRECTION('',(0.,1.,0.));
#3695=DIRECTION('',(-1.,0.,0.));
#3696=DIRECTION('',(0.,0.,-1.));
#3697=DIRECTION('',(-1.,0.,0.));
#3698=DIRECTION('',(-1.,0.,0.));
#3699=DIRECTION('',(0.,0.,-1.));
#3700=DIRECTION('',(-1.,0.,0.));
#3701=DIRECTION('',(0.,-1.,0.));
#3702=DIRECTION('',(0.,0.,-1.));
#3703=DIRECTION('',(-1.,0.,0.));
#3704=DIRECTION('',(0.,0.,-1.));
#3705=DIRECTION('',(0.,0.,-1.));
#3706=DIRECTION('',(0.,0.,-1.));
#3707=DIRECTION('',(0.,-1.,0.));
#3708=DIRECTION('',(0.,0.,-1.));
#3709=DIRECTION('',(1.,0.,0.));
#3710=DIRECTION('',(0.,-1.,0.));
#3711=DIRECTION('',(0.,0.,-1.));
#3712=DIRECTION('',(0.,0.,-1.));
#3713=DIRECTION('',(0.,-1.,0.));
#3714=DIRECTION('',(0.,0.,-1.));
#3715=DIRECTION('',(1.,0.,0.));
#3716=DIRECTION('',(0.,-1.,0.));
#3717=DIRECTION('',(0.,0.,-1.));
#3718=DIRECTION('',(-0.692704446147286,0.721221568096644,0.));
#3719=DIRECTION('',(-0.721221568096644,-0.692704446147286,0.));
#3720=DIRECTION('',(0.721221568096644,0.692704446147286,0.));
#3721=DIRECTION('',(0.,0.,-1.));
#3722=DIRECTION('',(0.,0.,-1.));
#3723=DIRECTION('',(0.,0.,-1.));
#3724=DIRECTION('',(-0.692704446147286,0.721221568096644,0.));
#3725=DIRECTION('',(-0.721221568096644,-0.692704446147286,0.));
#3726=DIRECTION('',(-0.721221568096644,-0.692704446147286,0.));
#3727=DIRECTION('',(-0.692704446147286,0.721221568096644,0.));
#3728=DIRECTION('',(-0.721221568096644,-0.692704446147286,0.));
#3729=DIRECTION('',(0.,0.,-1.));
#3730=DIRECTION('',(-0.692704446147286,0.721221568096644,0.));
#3731=DIRECTION('',(-0.721221568096644,-0.692704446147286,0.));
#3732=DIRECTION('',(-0.721221568096644,-0.692704446147286,0.));
#3733=DIRECTION('',(-0.692704446147286,0.721221568096644,0.));
#3734=DIRECTION('',(-0.721221568096644,-0.692704446147286,0.));
#3735=DIRECTION('',(-1.,0.,0.));
#3736=DIRECTION('',(0.,0.,1.));
#3737=DIRECTION('',(0.,1.,0.));
#3738=DIRECTION('',(0.,0.,-1.));
#3739=DIRECTION('',(0.,0.,-1.));
#3740=DIRECTION('',(-1.,0.,0.));
#3741=DIRECTION('',(0.,0.,1.));
#3742=DIRECTION('',(0.,-1.,0.));
#3743=DIRECTION('',(-1.,0.,0.));
#3744=DIRECTION('',(0.,0.,1.));
#3745=DIRECTION('',(0.,0.,-1.));
#3746=DIRECTION('',(-1.,0.,0.));
#3747=DIRECTION('',(0.,0.,1.));
#3748=DIRECTION('',(0.,-1.,0.));
#3749=DIRECTION('',(-1.,0.,0.));
#3750=DIRECTION('',(0.,0.,1.));
#3751=DIRECTION('',(0.,0.,-1.));
#3752=DIRECTION('',(-1.,0.,0.));
#3753=DIRECTION('',(-1.,0.,0.));
#3754=DIRECTION('',(0.,0.,1.));
#3755=DIRECTION('',(-1.110223024625E-16,1.,0.));
#3756=DIRECTION('',(1.,-1.973757673525E-15,0.));
#3757=DIRECTION('',(0.,0.,1.));
#3758=DIRECTION('',(1.110223024625E-16,-1.,0.));
#3759=DIRECTION('',(-1.,0.,0.));
#3760=DIRECTION('',(0.,0.,1.));
#3761=DIRECTION('',(-1.110223024625E-16,1.,0.));
#3762=DIRECTION('',(1.,0.,0.));
#3763=DIRECTION('',(0.,0.,1.));
#3764=DIRECTION('',(1.110223024625E-16,-1.,0.));
#3765=DIRECTION('',(0.,1.,0.));
#3766=DIRECTION('',(0.,0.,1.));
#3767=DIRECTION('',(1.,1.110223024625E-16,0.));
#3768=DIRECTION('',(0.,-1.,0.));
#3769=DIRECTION('',(0.,0.,1.));
#3770=DIRECTION('',(-1.,-1.110223024625E-16,0.));
#3771=DIRECTION('',(0.,1.,0.));
#3772=DIRECTION('',(0.,0.,1.));
#3773=DIRECTION('',(1.,1.110223024625E-16,0.));
#3774=DIRECTION('',(0.,-1.,0.));
#3775=DIRECTION('',(0.,0.,1.));
#3776=DIRECTION('',(-1.,-1.110223024625E-16,0.));
#3777=DIRECTION('',(0.,-1.,0.));
#3778=DIRECTION('',(0.,0.,1.));
#3779=DIRECTION('',(-1.,-1.110223024625E-16,0.));
#3780=DIRECTION('',(1.973674119975E-15,1.,0.));
#3781=DIRECTION('',(0.,0.,1.));
#3782=DIRECTION('',(1.,1.110223024625E-16,0.));
#3783=DIRECTION('',(0.,-1.,0.));
#3784=DIRECTION('',(0.,0.,-1.));
#3785=DIRECTION('',(-1.,0.,0.));
#3786=DIRECTION('',(0.,1.,0.));
#3787=DIRECTION('',(0.,0.,-1.));
#3788=DIRECTION('',(-1.,0.,0.));
#3789=DIRECTION('',(0.,0.,1.));
#3790=DIRECTION('',(1.,1.110223024625E-16,0.));
#3791=DIRECTION('',(0.,0.,1.));
#3792=DIRECTION('',(1.,1.110223024625E-16,0.));
#3793=DIRECTION('',(0.,-1.,0.));
#3794=DIRECTION('',(0.,0.,1.));
#3795=DIRECTION('',(-1.,-1.110223024625E-16,0.));
#3796=DIRECTION('',(1.54197642309E-17,1.,0.));
#3797=DIRECTION('',(0.,0.,1.));
#3798=DIRECTION('',(1.,1.110223024625E-16,0.));
#3799=DIRECTION('',(0.,-1.,0.));
#3800=DIRECTION('',(0.,0.,-1.));
#3801=DIRECTION('',(-1.,0.,0.));
#3802=DIRECTION('',(1.54197642309E-17,1.,0.));
#3803=DIRECTION('',(0.,0.,-1.));
#3804=DIRECTION('',(-1.,0.,0.));
#3805=DIRECTION('',(-0.707106781186548,0.707106781186548,0.));
#3806=DIRECTION('',(0.,0.,1.));
#3807=DIRECTION('',(0.707106781186548,0.707106781186548,0.));
#3808=DIRECTION('',(0.707106781186548,-0.707106781186548,0.));
#3809=DIRECTION('',(0.,0.,1.));
#3810=DIRECTION('',(-0.707106781186548,-0.707106781186548,0.));
#3811=DIRECTION('',(0.,0.,1.));
#3812=DIRECTION('',(1.,1.110223024625E-16,0.));
#3813=DIRECTION('',(-0.707106781186548,0.707106781186548,0.));
#3814=DIRECTION('',(0.,0.,-1.));
#3815=DIRECTION('',(-1.,0.,0.));
#3816=DIRECTION('',(0.707106781186548,-0.707106781186548,0.));
#3817=DIRECTION('',(0.,0.,-1.));
#3818=DIRECTION('',(-1.,0.,0.));
#3819=DIRECTION('',(0.,0.,1.));
#3820=DIRECTION('',(1.,1.110223024625E-16,0.));
#3821=DIRECTION('',(-0.707106781186548,0.707106781186548,0.));
#3822=DIRECTION('',(0.,0.,1.));
#3823=DIRECTION('',(0.707106781186548,0.707106781186548,0.));
#3824=DIRECTION('',(0.707106781186548,-0.707106781186548,0.));
#3825=DIRECTION('',(0.,0.,1.));
#3826=DIRECTION('',(-0.707106781186548,-0.707106781186548,0.));
#3827=DIRECTION('',(-1.,0.,0.));
#3828=DIRECTION('',(0.,0.,1.));
#3829=DIRECTION('',(-1.110223024625E-16,1.,0.));
#3830=DIRECTION('',(1.,0.,0.));
#3831=DIRECTION('',(0.,0.,1.));
#3832=DIRECTION('',(1.110223024625E-16,-1.,0.));
#3833=DIRECTION('',(-1.,0.,0.));
#3834=DIRECTION('',(0.,0.,1.));
#3835=DIRECTION('',(-1.110223024625E-16,1.,0.));
#3836=DIRECTION('',(1.,0.,0.));
#3837=DIRECTION('',(0.,0.,1.));
#3838=DIRECTION('',(1.110223024625E-16,-1.,0.));
#3839=DIRECTION('',(0.,0.,1.));
#3840=DIRECTION('',(1.,1.110223024625E-16,0.));
#3841=DIRECTION('',(0.,0.,1.));
#3842=DIRECTION('',(1.,1.110223024625E-16,0.));
#3843=DIRECTION('',(-0.707106781186548,0.707106781186548,0.));
#3844=DIRECTION('',(0.,0.,-1.));
#3845=DIRECTION('',(-1.,0.,0.));
#3846=DIRECTION('',(0.707106781186548,-0.707106781186548,0.));
#3847=DIRECTION('',(0.,0.,-1.));
#3848=DIRECTION('',(-1.,0.,0.));
#3849=DIRECTION('',(0.,0.,1.));
#3850=DIRECTION('',(1.,1.110223024625E-16,0.));
#3851=DIRECTION('',(-1.,0.,0.));
#3852=DIRECTION('',(0.,0.,-1.));
#3853=DIRECTION('',(-1.,0.,0.));
#3854=DIRECTION('',(1.,0.,0.));
#3855=DIRECTION('',(0.,0.,-1.));
#3856=DIRECTION('',(-1.,0.,0.));
#3857=DIRECTION('',(-1.,0.,0.));
#3858=DIRECTION('',(0.,0.,-1.));
#3859=DIRECTION('',(-1.,0.,0.));
#3860=DIRECTION('',(1.,0.,0.));
#3861=DIRECTION('',(0.,0.,-1.));
#3862=DIRECTION('',(-1.,0.,0.));
#3863=DIRECTION('',(0.99988434233744,0.0152086142835048,0.));
#3864=DIRECTION('',(0.707594431398756,0.706618794438324,0.));
#3865=DIRECTION('',(0.706618794438324,-0.707594431398757,0.));
#3866=DIRECTION('',(0.,-1.,0.));
#3867=DIRECTION('',(-0.707594431398756,-0.706618794438324,0.));
#3868=DIRECTION('',(-0.741688037029446,0.670745000523603,0.));
#3869=DIRECTION('',(0.,0.,-1.));
#3870=DIRECTION('',(1.110223024625E-16,-1.,0.));
#3871=DIRECTION('',(0.,0.,1.));
#3872=DIRECTION('',(0.,0.,1.));
#3873=DIRECTION('',(0.,1.,0.));
#3874=DIRECTION('',(1.,0.,0.));
#3875=DIRECTION('',(0.,0.,1.));
#3876=DIRECTION('',(0.,0.,-1.));
#3877=DIRECTION('',(-1.110223024625E-16,1.,0.));
#3878=DIRECTION('',(0.,0.,1.));
#3879=DIRECTION('',(0.,-1.,0.));
#3880=DIRECTION('',(-1.,0.,0.));
#3881=DIRECTION('',(0.,0.,-1.));
#3882=DIRECTION('',(1.110223024625E-16,-1.,0.));
#3883=DIRECTION('',(0.,0.,1.));
#3884=DIRECTION('',(0.,0.,1.));
#3885=DIRECTION('',(0.,1.,0.));
#3886=DIRECTION('',(1.,0.,0.));
#3887=DIRECTION('',(0.,0.,1.));
#3888=DIRECTION('',(0.,0.,-1.));
#3889=DIRECTION('',(-1.110223024625E-16,1.,0.));
#3890=DIRECTION('',(0.,0.,1.));
#3891=DIRECTION('',(0.,-1.,0.));
#3892=DIRECTION('',(-1.,0.,0.));
#3893=DIRECTION('',(0.,0.,-1.));
#3894=DIRECTION('',(-1.,-1.110223024625E-16,0.));
#3895=DIRECTION('',(0.,0.,1.));
#3896=DIRECTION('',(0.,0.,1.));
#3897=DIRECTION('',(1.,0.,0.));
#3898=DIRECTION('',(0.,-1.,0.));
#3899=DIRECTION('',(0.,0.,1.));
#3900=DIRECTION('',(0.,0.,-1.));
#3901=DIRECTION('',(1.,1.110223024625E-16,0.));
#3902=DIRECTION('',(0.,0.,1.));
#3903=DIRECTION('',(-1.,0.,0.));
#3904=DIRECTION('',(0.,1.,0.));
#3905=DIRECTION('',(0.,0.,-1.));
#3906=DIRECTION('',(-1.,-1.110223024625E-16,0.));
#3907=DIRECTION('',(0.,0.,1.));
#3908=DIRECTION('',(0.,0.,1.));
#3909=DIRECTION('',(1.,0.,0.));
#3910=DIRECTION('',(0.,-1.,0.));
#3911=DIRECTION('',(0.,0.,1.));
#3912=DIRECTION('',(0.,0.,-1.));
#3913=DIRECTION('',(1.,1.110223024625E-16,0.));
#3914=DIRECTION('',(0.,0.,1.));
#3915=DIRECTION('',(-1.,0.,0.));
#3916=DIRECTION('',(0.,1.,0.));
#3917=DIRECTION('',(0.,0.,-1.));
#3918=DIRECTION('',(1.,1.110223024625E-16,0.));
#3919=DIRECTION('',(0.,0.,1.));
#3920=DIRECTION('',(0.,0.,1.));
#3921=DIRECTION('',(-1.,0.,0.));
#3922=DIRECTION('',(0.,1.,0.));
#3923=DIRECTION('',(0.,0.,1.));
#3924=DIRECTION('',(0.,0.,-1.));
#3925=DIRECTION('',(-1.,-1.110223024625E-16,0.));
#3926=DIRECTION('',(0.,0.,1.));
#3927=DIRECTION('',(1.,0.,0.));
#3928=DIRECTION('',(0.,-1.,0.));
#3929=DIRECTION('',(0.,0.,-1.));
#3930=DIRECTION('',(1.,1.110223024625E-16,0.));
#3931=DIRECTION('',(0.,0.,-1.));
#3932=DIRECTION('',(0.,0.,-1.));
#3933=DIRECTION('',(0.,0.,-1.));
#3934=DIRECTION('',(0.,0.,-1.));
#3935=DIRECTION('',(-1.,0.,0.));
#3936=DIRECTION('',(0.,1.,0.));
#3937=DIRECTION('',(0.,0.,-1.));
#3938=DIRECTION('',(0.,-1.,0.));
#3939=DIRECTION('',(0.,0.,-1.));
#3940=DIRECTION('',(-1.,-1.110223024625E-16,0.));
#3941=DIRECTION('',(0.,0.,-1.));
#3942=DIRECTION('',(1.,0.,0.));
#3943=DIRECTION('',(0.,-1.,0.));
#3944=DIRECTION('',(0.,-1.,0.));
#3945=DIRECTION('',(0.,0.,-1.));
#3946=DIRECTION('',(-1.,-1.110223024625E-16,0.));
#3947=DIRECTION('',(0.,0.,-1.));
#3948=DIRECTION('',(-1.,-1.110223024625E-16,0.));
#3949=DIRECTION('',(0.,0.,-1.));
#3950=DIRECTION('',(1.,1.110223024625E-16,0.));
#3951=DIRECTION('',(0.,0.,1.));
#3952=DIRECTION('',(0.,0.,1.));
#3953=DIRECTION('',(-1.,1.54197642309E-17,0.));
#3954=DIRECTION('',(1.54197642309E-17,1.,0.));
#3955=DIRECTION('',(0.,0.,1.));
#3956=DIRECTION('',(0.,0.,-1.));
#3957=DIRECTION('',(-1.,-1.110223024625E-16,0.));
#3958=DIRECTION('',(0.,0.,1.));
#3959=DIRECTION('',(1.,0.,0.));
#3960=DIRECTION('',(0.,-1.,0.));
#3961=DIRECTION('',(0.,0.,-1.));
#3962=DIRECTION('',(1.,1.110223024625E-16,0.));
#3963=DIRECTION('',(0.,0.,-1.));
#3964=DIRECTION('',(0.,0.,-1.));
#3965=DIRECTION('',(0.,0.,-1.));
#3966=DIRECTION('',(0.,0.,-1.));
#3967=DIRECTION('',(-1.,1.54197642309E-17,0.));
#3968=DIRECTION('',(1.54197642309E-17,1.,0.));
#3969=DIRECTION('',(0.,0.,-1.));
#3970=DIRECTION('',(0.,1.,0.));
#3971=DIRECTION('',(0.,0.,-1.));
#3972=DIRECTION('',(-1.,-1.110223024625E-16,0.));
#3973=DIRECTION('',(0.,0.,-1.));
#3974=DIRECTION('',(1.,0.,0.));
#3975=DIRECTION('',(0.,-1.,0.));
#3976=DIRECTION('',(0.,1.,0.));
#3977=DIRECTION('',(0.,0.,-1.));
#3978=DIRECTION('',(-0.707106781186548,-0.707106781186548,0.));
#3979=DIRECTION('',(0.,0.,1.));
#3980=DIRECTION('',(0.,0.,1.));
#3981=DIRECTION('',(0.707106781186548,0.707106781186548,0.));
#3982=DIRECTION('',(0.707106781186548,-0.707106781186548,0.));
#3983=DIRECTION('',(0.,0.,1.));
#3984=DIRECTION('',(0.,0.,-1.));
#3985=DIRECTION('',(0.707106781186548,0.707106781186548,0.));
#3986=DIRECTION('',(0.,0.,1.));
#3987=DIRECTION('',(-0.707106781186548,-0.707106781186548,0.));
#3988=DIRECTION('',(-0.707106781186548,0.707106781186548,0.));
#3989=DIRECTION('',(0.,0.,-1.));
#3990=DIRECTION('',(-1.,-1.110223024625E-16,0.));
#3991=DIRECTION('',(0.,0.,-1.));
#3992=DIRECTION('',(-0.707106781186548,-0.707106781186548,0.));
#3993=DIRECTION('',(0.,0.,-1.));
#3994=DIRECTION('',(0.,0.,-1.));
#3995=DIRECTION('',(0.707106781186548,0.707106781186548,0.));
#3996=DIRECTION('',(0.707106781186548,-0.707106781186548,0.));
#3997=DIRECTION('',(0.707106781186548,0.707106781186548,0.));
#3998=DIRECTION('',(0.707106781186548,-0.707106781186548,0.));
#3999=DIRECTION('',(0.,0.,-1.));
#4000=DIRECTION('',(0.,0.,-1.));
#4001=DIRECTION('',(0.707106781186548,0.707106781186548,0.));
#4002=DIRECTION('',(0.,0.,-1.));
#4003=DIRECTION('',(-0.707106781186548,-0.707106781186548,0.));
#4004=DIRECTION('',(-0.707106781186548,0.707106781186548,0.));
#4005=DIRECTION('',(-0.707106781186548,-0.707106781186548,0.));
#4006=DIRECTION('',(0.707106781186548,-0.707106781186548,0.));
#4007=DIRECTION('',(0.,0.,-1.));
#4008=DIRECTION('',(-1.,-1.110223024625E-16,0.));
#4009=DIRECTION('',(0.,0.,-1.));
#4010=DIRECTION('',(-0.707106781186548,-0.707106781186548,0.));
#4011=DIRECTION('',(0.,0.,1.));
#4012=DIRECTION('',(0.,0.,1.));
#4013=DIRECTION('',(0.707106781186548,0.707106781186548,0.));
#4014=DIRECTION('',(0.707106781186548,-0.707106781186548,0.));
#4015=DIRECTION('',(0.,0.,1.));
#4016=DIRECTION('',(0.,0.,-1.));
#4017=DIRECTION('',(0.707106781186548,0.707106781186548,0.));
#4018=DIRECTION('',(0.,0.,1.));
#4019=DIRECTION('',(-0.707106781186548,-0.707106781186548,0.));
#4020=DIRECTION('',(-0.707106781186548,0.707106781186548,0.));
#4021=DIRECTION('',(0.,0.,-1.));
#4022=DIRECTION('',(1.110223024625E-16,-1.,0.));
#4023=DIRECTION('',(0.,0.,1.));
#4024=DIRECTION('',(0.,0.,1.));
#4025=DIRECTION('',(0.,1.,0.));
#4026=DIRECTION('',(1.,0.,0.));
#4027=DIRECTION('',(0.,0.,1.));
#4028=DIRECTION('',(0.,0.,-1.));
#4029=DIRECTION('',(-1.110223024625E-16,1.,0.));
#4030=DIRECTION('',(0.,0.,1.));
#4031=DIRECTION('',(0.,-1.,0.));
#4032=DIRECTION('',(-1.,0.,0.));
#4033=DIRECTION('',(0.,0.,-1.));
#4034=DIRECTION('',(1.110223024625E-16,-1.,0.));
#4035=DIRECTION('',(0.,0.,1.));
#4036=DIRECTION('',(0.,0.,1.));
#4037=DIRECTION('',(0.,1.,0.));
#4038=DIRECTION('',(1.,0.,0.));
#4039=DIRECTION('',(0.,0.,1.));
#4040=DIRECTION('',(0.,0.,-1.));
#4041=DIRECTION('',(-1.110223024625E-16,1.,0.));
#4042=DIRECTION('',(0.,0.,1.));
#4043=DIRECTION('',(0.,-1.,0.));
#4044=DIRECTION('',(-1.,0.,0.));
#4045=DIRECTION('',(0.,0.,-1.));
#4046=DIRECTION('',(-1.,-1.110223024625E-16,0.));
#4047=DIRECTION('',(0.,0.,-1.));
#4048=DIRECTION('',(-1.,-1.110223024625E-16,0.));
#4049=DIRECTION('',(0.,0.,-1.));
#4050=DIRECTION('',(-0.707106781186548,-0.707106781186548,0.));
#4051=DIRECTION('',(0.,0.,-1.));
#4052=DIRECTION('',(0.,0.,-1.));
#4053=DIRECTION('',(0.,0.,-1.));
#4054=DIRECTION('',(0.,0.,-1.));
#4055=DIRECTION('',(0.707106781186548,0.707106781186548,0.));
#4056=DIRECTION('',(0.707106781186548,-0.707106781186548,0.));
#4057=DIRECTION('',(0.,0.,-1.));
#4058=DIRECTION('',(0.707106781186548,0.707106781186548,0.));
#4059=DIRECTION('',(-0.707106781186548,0.707106781186548,0.));
#4060=DIRECTION('',(0.,0.,-1.));
#4061=DIRECTION('',(0.707106781186548,0.707106781186548,0.));
#4062=DIRECTION('',(0.,0.,-1.));
#4063=DIRECTION('',(-0.707106781186548,-0.707106781186548,0.));
#4064=DIRECTION('',(-0.707106781186548,0.707106781186548,0.));
#4065=DIRECTION('',(-0.707106781186548,-0.707106781186548,0.));
#4066=DIRECTION('',(-0.707106781186548,0.707106781186548,0.));
#4067=DIRECTION('',(0.,0.,-1.));
#4068=DIRECTION('',(-1.,-1.110223024625E-16,0.));
#4069=DIRECTION('',(0.,0.,-1.));
#4070=DIRECTION('',(1.110223024625E-16,-1.,0.));
#4071=DIRECTION('',(0.,0.,-1.));
#4072=DIRECTION('',(0.,0.,-1.));
#4073=DIRECTION('',(0.,1.,0.));
#4074=DIRECTION('',(1.,0.,0.));
#4075=DIRECTION('',(0.,0.,-1.));
#4076=DIRECTION('',(0.,0.,-1.));
#4077=DIRECTION('',(-1.110223024625E-16,1.,0.));
#4078=DIRECTION('',(0.,0.,-1.));
#4079=DIRECTION('',(0.,-1.,0.));
#4080=DIRECTION('',(-1.,0.,0.));
#4081=DIRECTION('',(0.,0.,-1.));
#4082=DIRECTION('',(1.110223024625E-16,-1.,0.));
#4083=DIRECTION('',(0.,0.,-1.));
#4084=DIRECTION('',(0.,0.,-1.));
#4085=DIRECTION('',(0.,1.,0.));
#4086=DIRECTION('',(1.,0.,0.));
#4087=DIRECTION('',(0.,0.,-1.));
#4088=DIRECTION('',(0.,0.,-1.));
#4089=DIRECTION('',(-1.110223024625E-16,1.,0.));
#4090=DIRECTION('',(0.,0.,-1.));
#4091=DIRECTION('',(0.,-1.,0.));
#4092=DIRECTION('',(-1.,0.,0.));
#4093=DIRECTION('',(-0.707106781186634,0.707106781186461,0.));
#4094=DIRECTION('',(-0.707106781186461,-0.707106781186634,0.));
#4095=DIRECTION('',(-0.707106781186461,-0.707106781186634,0.));
#4096=DIRECTION('',(-0.707106781186634,0.707106781186461,0.));
#4097=DIRECTION('',(0.707106781186461,0.707106781186634,0.));
#4098=DIRECTION('',(0.,0.,-1.));
#4099=DIRECTION('',(-0.707106781186634,0.707106781186461,0.));
#4100=DIRECTION('',(-0.707106781186461,-0.707106781186634,0.));
#4101=DIRECTION('',(0.,0.,-1.));
#4102=DIRECTION('',(0.,0.,-1.));
#4103=DIRECTION('',(-0.707106781186634,0.707106781186461,0.));
#4104=DIRECTION('',(0.707106781186461,0.707106781186634,0.));
#4105=DIRECTION('',(0.,0.,-1.));
#4106=DIRECTION('',(-0.707106781186634,0.707106781186461,0.));
#4107=DIRECTION('',(-0.707106781186461,-0.707106781186634,0.));
#4108=DIRECTION('',(-1.,0.,0.));
#4109=DIRECTION('',(0.,0.,1.));
#4110=DIRECTION('',(0.,-1.,0.));
#4111=DIRECTION('',(-1.,0.,0.));
#4112=DIRECTION('',(0.,0.,1.));
#4113=DIRECTION('',(0.,0.,-1.));
#4114=DIRECTION('',(-1.,0.,0.));
#4115=DIRECTION('',(0.,0.,1.));
#4116=DIRECTION('',(0.,0.,-1.));
#4117=DIRECTION('',(-1.,0.,0.));
#4118=DIRECTION('',(0.,0.,1.));
#4119=DIRECTION('',(0.,0.,-1.));
#4120=DIRECTION('',(-1.,0.,0.));
#4121=DIRECTION('',(0.,0.,1.));
#4122=DIRECTION('',(-0.707106781187721,-0.707106781185374,0.));
#4123=DIRECTION('',(0.707106781185374,-0.707106781187721,0.));
#4124=DIRECTION('',(0.,0.,-1.));
#4125=DIRECTION('',(0.,-1.,0.));
#4126=DIRECTION('',(0.,0.,-1.));
#4127=DIRECTION('',(1.,0.,0.));
#4128=DIRECTION('',(0.,-1.,0.));
#4129=DIRECTION('',(0.,0.,-1.));
#4130=DIRECTION('',(0.,0.,-1.));
#4131=DIRECTION('',(0.,-1.,0.));
#4132=DIRECTION('',(0.,0.,-1.));
#4133=DIRECTION('',(0.,0.,-1.));
#4134=DIRECTION('',(0.,-1.,0.));
#4135=DIRECTION('',(0.,0.,-1.));
#4136=DIRECTION('',(0.,0.,-1.));
#4137=DIRECTION('',(0.,-1.,0.));
#4138=DIRECTION('',(0.,0.,-1.));
#4139=DIRECTION('',(0.707106781186487,-0.707106781186608,0.));
#4140=DIRECTION('',(0.707106781186608,0.707106781186487,0.));
#4141=DIRECTION('',(0.,0.,-1.));
#4142=DIRECTION('',(1.,0.,0.));
#4143=DIRECTION('',(0.,0.,-1.));
#4144=DIRECTION('',(0.,0.,-1.));
#4145=DIRECTION('',(0.,1.,0.));
#4146=DIRECTION('',(0.,0.,-1.));
#4147=DIRECTION('',(0.,0.,-1.));
#4148=DIRECTION('',(0.707106781186657,0.707106781186438,0.));
#4149=DIRECTION('',(-0.707106781186438,0.707106781186657,0.));
#4150=DIRECTION('',(0.,1.,0.));
#4151=DIRECTION('',(0.,0.,1.));
#4152=DIRECTION('',(0.,0.,-1.));
#4153=DIRECTION('',(-0.706618794438324,0.707594431398756,0.));
#4154=DIRECTION('',(-0.707594431398756,-0.706618794438324,0.));
#4155=DIRECTION('',(-0.670745000523602,-0.741688037029446,0.));
#4156=DIRECTION('',(0.741688037029446,-0.670745000523602,0.));
#4157=DIRECTION('',(0.706618794438324,-0.707594431398756,0.));
#4158=DIRECTION('',(0.707594431398756,0.706618794438324,0.));
#4159=DIRECTION('',(0.,0.,-1.));
#4160=DIRECTION('',(1.,0.,0.));
#4161=DIRECTION('',(0.,0.,-1.));
#4162=DIRECTION('',(0.,0.,-1.));
#4163=DIRECTION('',(0.,0.,-1.));
#4164=DIRECTION('',(0.,0.,-1.));
#4165=DIRECTION('',(0.,1.,0.));
#4166=DIRECTION('',(0.707594431398757,0.706618794438324,0.));
#4167=DIRECTION('',(-0.706618794438324,0.707594431398757,0.));
#4168=DIRECTION('',(-0.706618794438324,0.707594431398756,0.));
#4169=DIRECTION('',(-0.707594431398756,-0.706618794438324,0.));
#4170=DIRECTION('',(0.,0.,-1.));
#4171=DIRECTION('',(-0.0152086142835048,0.99988434233744,0.));
#4172=DIRECTION('',(-0.99988434233744,-0.0152086142835048,0.));
#4173=DIRECTION('',(-1.,0.,0.));
#4174=DIRECTION('',(0.,-1.,0.));
#4175=DIRECTION('',(0.,-1.,0.));
#4176=DIRECTION('',(-1.,0.,0.));
#4177=DIRECTION('',(0.,0.,1.));
#4178=DIRECTION('',(-1.,0.,0.));
#4179=DIRECTION('',(0.,0.,1.));
#4180=DIRECTION('',(0.,0.,-1.));
#4181=DIRECTION('',(-1.,0.,0.));
#4182=DIRECTION('',(-1.,0.,0.));
#4183=DIRECTION('',(-1.,0.,0.));
#4184=DIRECTION('',(0.,1.,0.));
#4185=DIRECTION('',(0.,0.,1.));
#4186=DIRECTION('',(-1.,0.,0.));
#4187=DIRECTION('',(-1.,0.,0.));
#4188=DIRECTION('',(0.,1.,0.));
#4189=DIRECTION('',(0.,0.,1.));
#4190=DIRECTION('',(-1.,0.,0.));
#4191=DIRECTION('',(-1.,0.,0.));
#4192=DIRECTION('',(0.,0.,-1.));
#4193=DIRECTION('',(-1.,0.,0.));
#4194=DIRECTION('',(-1.,0.,0.));
#4195=DIRECTION('',(-1.,0.,0.));
#4196=DIRECTION('',(1.,0.,0.));
#4197=DIRECTION('',(0.,0.,-1.));
#4198=DIRECTION('',(-1.,0.,0.));
#4199=DIRECTION('',(0.,0.,1.));
#4200=DIRECTION('',(-1.,0.,0.));
#4201=DIRECTION('',(0.,0.,1.));
#4202=DIRECTION('',(1.,0.,0.));
#4203=DIRECTION('',(0.,0.,-1.));
#4204=DIRECTION('',(-0.692704446147286,0.721221568096644,0.));
#4205=DIRECTION('',(-0.721221568096644,-0.692704446147286,0.));
#4206=DIRECTION('',(-0.721221568096644,-0.692704446147286,0.));
#4207=DIRECTION('',(-0.692704446147286,0.721221568096644,0.));
#4208=DIRECTION('',(-0.721221568096644,-0.692704446147286,0.));
#4209=DIRECTION('',(-0.692704446147286,0.721221568096644,0.));
#4210=DIRECTION('',(-0.721221568096644,-0.692704446147286,0.));
#4211=DIRECTION('',(-0.692704446147286,0.721221568096644,0.));
#4212=DIRECTION('',(-0.721221568096644,-0.692704446147286,0.));
#4213=DIRECTION('',(-0.692704446147286,0.721221568096644,0.));
#4214=DIRECTION('',(-0.721221568096644,-0.692704446147286,0.));
#4215=DIRECTION('',(0.,0.,-1.));
#4216=DIRECTION('',(-1.,0.,0.));
#4217=DIRECTION('',(-0.692704446147286,0.721221568096644,0.));
#4218=DIRECTION('',(-0.692704446147286,0.721221568096644,0.));
#4219=DIRECTION('',(0.721221568096644,0.692704446147286,0.));
#4220=DIRECTION('',(-0.692704446147286,0.721221568096644,0.));
#4221=DIRECTION('',(-0.692704446147286,0.721221568096644,0.));
#4222=DIRECTION('',(-0.692704446147286,0.721221568096644,0.));
#4223=DIRECTION('',(0.,0.,-1.));
#4224=DIRECTION('',(-1.,0.,0.));
#4225=DIRECTION('',(-0.692704446147286,0.721221568096644,0.));
#4226=DIRECTION('',(-0.692704446147286,0.721221568096644,0.));
#4227=DIRECTION('',(0.721221568096644,0.692704446147286,0.));
#4228=DIRECTION('',(-0.692704446147286,0.721221568096644,0.));
#4229=DIRECTION('',(-0.692704446147286,0.721221568096644,0.));
#4230=DIRECTION('',(-0.692704446147286,0.721221568096644,0.));
#4231=DIRECTION('',(0.,-1.,0.));
#4232=DIRECTION('',(1.,0.,0.));
#4233=DIRECTION('',(0.,-1.,0.));
#4234=DIRECTION('',(0.,0.,-1.));
#4235=DIRECTION('',(0.,-1.,0.));
#4236=DIRECTION('',(1.,0.,0.));
#4237=DIRECTION('',(0.,-1.,0.));
#4238=DIRECTION('',(0.,0.,-1.));
#4239=DIRECTION('',(0.,-1.,0.));
#4240=DIRECTION('',(1.,0.,0.));
#4241=DIRECTION('',(0.,-1.,0.));
#4242=DIRECTION('',(0.,0.,-1.));
#4243=DIRECTION('',(1.,0.,0.));
#4244=DIRECTION('',(0.,-1.,0.));
#4245=DIRECTION('',(0.,0.,-1.));
#4246=DIRECTION('',(0.,0.,-1.));
#4247=DIRECTION('',(-1.,0.,0.));
#4248=DIRECTION('',(0.,-1.,0.));
#4249=DIRECTION('',(0.,-1.,0.));
#4250=DIRECTION('',(-1.,0.,0.));
#4251=DIRECTION('',(0.,0.,1.));
#4252=DIRECTION('',(0.,-1.,0.));
#4253=DIRECTION('',(0.,-1.,0.));
#4254=DIRECTION('',(0.,0.,-1.));
#4255=DIRECTION('',(-1.,0.,0.));
#4256=DIRECTION('',(0.,-1.,0.));
#4257=DIRECTION('',(0.,-1.,0.));
#4258=DIRECTION('',(-1.,0.,0.));
#4259=DIRECTION('',(0.,0.,1.));
#4260=DIRECTION('',(0.,-1.,0.));
#4261=DIRECTION('',(0.,-1.,0.));
#4262=DIRECTION('',(0.,0.,-1.));
#4263=DIRECTION('',(-1.,0.,0.));
#4264=DIRECTION('',(1.,0.,0.));
#4265=DIRECTION('',(1.,0.,0.));
#4266=DIRECTION('',(0.,-1.,0.));
#4267=DIRECTION('',(0.,0.,-1.));
#4268=DIRECTION('',(0.,-1.,0.));
#4269=DIRECTION('',(0.,0.,-1.));
#4270=DIRECTION('',(0.,0.,-1.));
#4271=DIRECTION('',(-1.,0.,0.));
#4272=DIRECTION('',(0.,1.,0.));
#4273=DIRECTION('',(0.,1.,0.));
#4274=DIRECTION('',(1.,0.,0.));
#4275=DIRECTION('',(0.,0.,-1.));
#4276=DIRECTION('',(0.,1.,0.));
#4277=DIRECTION('',(0.,0.,-1.));
#4278=DIRECTION('',(-1.,0.,0.));
#4279=DIRECTION('',(0.,1.,0.));
#4280=DIRECTION('',(1.,0.,0.));
#4281=DIRECTION('',(0.,0.,-1.));
#4282=DIRECTION('',(-0.692704446147286,0.721221568096644,0.));
#4283=DIRECTION('',(-0.721221568096644,-0.692704446147286,0.));
#4284=DIRECTION('',(0.692704446147286,-0.721221568096644,0.));
#4285=DIRECTION('',(0.721221568096644,0.692704446147286,0.));
#4286=DIRECTION('',(-0.692704446147286,0.721221568096644,0.));
#4287=DIRECTION('',(-0.721221568096644,-0.692704446147286,0.));
#4288=DIRECTION('',(0.692704446147286,-0.721221568096644,0.));
#4289=DIRECTION('',(0.721221568096644,0.692704446147286,0.));
#4290=DIRECTION('',(0.,1.,0.));
#4291=DIRECTION('',(0.,0.,1.));
#4292=DIRECTION('',(0.,-1.,0.));
#4293=DIRECTION('',(0.,0.,-1.));
#4294=DIRECTION('',(0.,1.,0.));
#4295=DIRECTION('',(0.,0.,1.));
#4296=DIRECTION('',(0.,-1.,0.));
#4297=DIRECTION('',(0.,0.,-1.));
#4298=CARTESIAN_POINT('',(0.,0.,0.));
#4299=CARTESIAN_POINT('',(0.0262890525781055,0.016497332994666,0.01143));
#4300=CARTESIAN_POINT('',(0.015372291256825,0.016497332994666,0.01143));
#4301=CARTESIAN_POINT('',(0.015372291256825,0.016497332994666,0.01143));
#4302=CARTESIAN_POINT('',(0.015372291256825,0.016497332994666,0.001600050800102));
#4303=CARTESIAN_POINT('',(0.015372291256825,0.016497332994666,0.001600050800102));
#4304=CARTESIAN_POINT('',(0.037205813899386,0.016497332994666,0.001600050800102));
#4305=CARTESIAN_POINT('',(0.037205813899386,0.016497332994666,0.01143));
#4306=CARTESIAN_POINT('',(0.037205813899386,0.016497332994666,0.01143));
#4307=CARTESIAN_POINT('',(0.0262890525781055,0.016497332994666,0.01143));
#4308=CARTESIAN_POINT('',(0.0262890525781055,0.016497332994666,0.00883870851248503));
#4309=CARTESIAN_POINT('',(0.0302414055913687,0.016497332994666,0.00883870851248503));
#4310=CARTESIAN_POINT('',(0.0161561649292708,0.016497332994666,0.00883870851248503));
#4311=CARTESIAN_POINT('',(0.0302414055913687,0.016497332994666,0.01143));
#4312=CARTESIAN_POINT('',(0.0302414055913687,0.016497332994666,0.00206084852106869));
#4313=CARTESIAN_POINT('',(0.0262890525781055,0.016497332994666,0.00206084852106869));
#4314=CARTESIAN_POINT('',(0.0161561649292708,0.016497332994666,0.00206084852106869));
#4315=CARTESIAN_POINT('',(0.0161561649292708,0.016497332994666,0.01143));
#4316=CARTESIAN_POINT('',(0.0260799152636175,0.0183257756621801,0.01143));
#4317=CARTESIAN_POINT('',(0.0260799152636175,0.0183257756621801,0.));
#4318=CARTESIAN_POINT('',(0.0149181928204783,0.0183257756621801,0.));
#4319=CARTESIAN_POINT('',(0.0372416377067566,0.0183257756621801,0.));
#4320=CARTESIAN_POINT('',(0.0149181928204783,0.0183257756621801,0.01143));
#4321=CARTESIAN_POINT('',(0.0149181928204783,0.0183257756621801,0.01143));
#4322=CARTESIAN_POINT('',(0.0260799152636175,0.0183257756621801,0.01143));
#4323=CARTESIAN_POINT('',(0.0372416377067566,0.0183257756621801,0.01143));
#4324=CARTESIAN_POINT('',(0.0372416377067566,0.0183257756621801,0.01143));
#4325=CARTESIAN_POINT('',(0.0302414055913687,0.0183257756621801,0.00544977851677686));
#4326=CARTESIAN_POINT('',(0.0302414055913687,0.0183257756621801,0.00883870851248503));
#4327=CARTESIAN_POINT('',(0.0302414055913687,0.0183257756621801,0.00206084852106869));
#4328=CARTESIAN_POINT('',(0.0231987852603197,0.0183257756621801,0.00883870851248503));
#4329=CARTESIAN_POINT('',(0.0161561649292708,0.0183257756621801,0.00883870851248503));
#4330=CARTESIAN_POINT('',(0.0161561649292708,0.0183257756621801,0.00544977851677686));
#4331=CARTESIAN_POINT('',(0.0161561649292708,0.0183257756621801,0.00206084852106869));
#4332=CARTESIAN_POINT('',(0.0231987852603197,0.0183257756621801,0.00206084852106869));
#4333=CARTESIAN_POINT('',(0.0117616114779077,-0.00266558092779273,0.01143));
#4334=CARTESIAN_POINT('',(0.038341376682753,-0.00177800355600567,0.01143));
#4335=CARTESIAN_POINT('',(0.038341376682753,0.0153617702112987,0.01143));
#4336=CARTESIAN_POINT('',(0.038341376682753,-0.00494263460859656,0.01143));
#4337=CARTESIAN_POINT('',(0.0346199364778921,-0.00494263460859656,0.01143));
#4338=CARTESIAN_POINT('',(0.0409699364778921,-0.00494263460859656,0.01143));
#4339=CARTESIAN_POINT('',(0.0409699364778921,-0.00267072508532908,0.01143));
#4340=CARTESIAN_POINT('',(0.0409699364778921,0.0145923291846585,0.01143));
#4341=CARTESIAN_POINT('',(0.0400187478902664,0.0155448310896623,0.01143));
#4342=CARTESIAN_POINT('',(0.0130488921747748,0.0164590524234193,0.01143));
#4343=CARTESIAN_POINT('',(0.0111795915290713,0.0145923291846585,0.01143));
#4344=CARTESIAN_POINT('',(0.00231567700393498,0.0144575057342386,0.01143));
#4345=CARTESIAN_POINT('',(-0.00654823752120137,0.0143226822838187,0.01143));
#4346=CARTESIAN_POINT('',(-0.011997475521639,0.0090889073136946,0.01143));
#4347=CARTESIAN_POINT('',(-0.0174467135220766,0.00385513234357049,0.01143));
#4348=CARTESIAN_POINT('',(-0.0174467135220766,-0.00803932350587308,0.01143));
#4349=CARTESIAN_POINT('',(-0.0174467135220766,-0.0199337793553166,0.01143));
#4350=CARTESIAN_POINT('',(-0.0153882398346833,-0.0217953584365411,0.01143));
#4351=CARTESIAN_POINT('',(-0.01332976614729,-0.0236569375177655,0.01143));
#4352=CARTESIAN_POINT('',(0.0119559357797333,-0.0236569375177655,0.01143));
#4353=CARTESIAN_POINT('',(0.0372416377067566,-0.0236569375177655,0.01143));
#4354=CARTESIAN_POINT('',(0.0391057870923244,-0.0217953584365411,0.01143));
#4355=CARTESIAN_POINT('',(0.0409699364778921,-0.0199337793553166,0.01143));
#4356=CARTESIAN_POINT('',(0.0409699364778921,-0.00267072508532908,0.01143));
#4357=CARTESIAN_POINT('',(0.0409699364778921,-0.0185803882777691,0.01143));
#4358=CARTESIAN_POINT('',(0.0346199364778921,-0.0185803882777691,0.01143));
#4359=CARTESIAN_POINT('',(0.038341376682753,-0.0185803882777691,0.01143));
#4360=CARTESIAN_POINT('',(0.038341376682753,-0.00177800355600567,0.01143));
#4361=CARTESIAN_POINT('',(0.038341376682753,-0.01891777732331,0.01143));
#4362=CARTESIAN_POINT('',(0.0373290944020679,-0.019930059603995,0.01143));
#4363=CARTESIAN_POINT('',(0.0363168121213827,-0.02094234188468,0.01143));
#4364=CARTESIAN_POINT('',(0.0114935229870463,-0.02094234188468,0.01143));
#4365=CARTESIAN_POINT('',(-0.01332976614729,-0.02094234188468,0.01143));
#4366=CARTESIAN_POINT('',(-0.01383404741197,-0.0204380606199983,0.01143));
#4367=CARTESIAN_POINT('',(-0.01433832867665,-0.0199337793553166,0.01143));
#4368=CARTESIAN_POINT('',(-0.01433832867665,-0.00838201676403332,0.01143));
#4369=CARTESIAN_POINT('',(-0.01433832867665,0.00316974582725,0.01143));
#4370=CARTESIAN_POINT('',(-0.00957953890295067,0.0079285356009505,0.01143));
#4371=CARTESIAN_POINT('',(-0.00482074912925134,0.012687325374651,0.01143));
#4372=CARTESIAN_POINT('',(0.00336813699239733,0.012687325374651,0.01143));
#4373=CARTESIAN_POINT('',(0.011557023114046,0.012687325374651,0.01143));
#4374=CARTESIAN_POINT('',(0.0134646571854355,0.0145923291846585,0.01143));
#4375=CARTESIAN_POINT('',(0.0377735952910695,0.0159295516029823,0.01143));
#4376=CARTESIAN_POINT('',(0.013379098371356,-0.00353888890972,0.001600050800102));
#4377=CARTESIAN_POINT('',(0.035143205486411,-0.01837992125984,0.001600050800102));
#4378=CARTESIAN_POINT('',(0.035143205486411,-0.0187299339598616,0.001600050800102));
#4379=CARTESIAN_POINT('',(0.035143205486411,-0.01802990855981,0.001600050800102));
#4380=CARTESIAN_POINT('',(0.033343230886462,-0.01872993395986,0.001600050800102));
#4381=CARTESIAN_POINT('',(0.033343230886462,-0.0187299339598616,0.001600050800102));
#4382=CARTESIAN_POINT('',(0.033343230886462,-0.01837992125984,0.001600050800102));
#4383=CARTESIAN_POINT('',(0.033343230886462,-0.01802990855981,0.001600050800102));
#4384=CARTESIAN_POINT('',(0.035143205486411,-0.01802990855981,0.001600050800102));
#4385=CARTESIAN_POINT('',(0.035143205486411,-0.005479743459487,0.001600050800102));
#4386=CARTESIAN_POINT('',(0.035143205486411,-0.005829756159512,0.001600050800102));
#4387=CARTESIAN_POINT('',(0.035143205486411,-0.005129730759462,0.001600050800102));
#4388=CARTESIAN_POINT('',(0.033343230886462,-0.005829756159512,0.001600050800102));
#4389=CARTESIAN_POINT('',(0.033343230886462,-0.005829756159512,0.001600050800102));
#4390=CARTESIAN_POINT('',(0.033343230886462,-0.005479743459487,0.001600050800102));
#4391=CARTESIAN_POINT('',(0.033343230886462,-0.005129730759462,0.001600050800102));
#4392=CARTESIAN_POINT('',(0.035143205486411,-0.005129730759462,0.001600050800102));
#4393=CARTESIAN_POINT('',(0.02960398018796,0.012118877317755,0.001600050800102));
#4394=CARTESIAN_POINT('',(0.029253967487935,0.012118877317755,0.001600050800102));
#4395=CARTESIAN_POINT('',(0.029953992887986,0.012118877317755,0.001600050800102));
#4396=CARTESIAN_POINT('',(0.029253967487935,0.013918851917704,0.001600050800102));
#4397=CARTESIAN_POINT('',(0.029253967487935,0.013918851917704,0.001600050800102));
#4398=CARTESIAN_POINT('',(0.02960398018796,0.013918851917704,0.001600050800102));
#4399=CARTESIAN_POINT('',(0.029953992887986,0.013918851917704,0.001600050800102));
#4400=CARTESIAN_POINT('',(0.029953992887986,0.012118877317755,0.001600050800102));
#4401=CARTESIAN_POINT('',(0.016703802387605,0.012118877317755,0.001600050800102));
#4402=CARTESIAN_POINT('',(0.016353789687579,0.012118877317755,0.001600050800102));
#4403=CARTESIAN_POINT('',(0.01705381508763,0.012118877317755,0.001600050800102));
#4404=CARTESIAN_POINT('',(0.016353789687579,0.013918851917704,0.001600050800102));
#4405=CARTESIAN_POINT('',(0.016353789687579,0.013918851917704,0.001600050800102));
#4406=CARTESIAN_POINT('',(0.016703802387605,0.013918851917704,0.001600050800102));
#4407=CARTESIAN_POINT('',(0.01705381508763,0.013918851917704,0.001600050800102));
#4408=CARTESIAN_POINT('',(0.01705381508763,0.012118877317755,0.001600050800102));
#4409=CARTESIAN_POINT('',(0.008236626873254,-0.01296822453644,0.001600050800102));
#4410=CARTESIAN_POINT('',(0.008536626873254,-0.01296822453644,0.001600050800102));
#4411=CARTESIAN_POINT('',(0.007936626873254,-0.01296822453644,0.001600050800102));
#4412=CARTESIAN_POINT('',(0.008536626873254,-0.0138682499365,0.001600050800102));
#4413=CARTESIAN_POINT('',(0.008536626873254,-0.0138682499365,0.001600050800102));
#4414=CARTESIAN_POINT('',(0.008236626873254,-0.0138682499365,0.001600050800102));
#4415=CARTESIAN_POINT('',(0.007936626873254,-0.0138682499365,0.001600050800102));
#4416=CARTESIAN_POINT('',(0.007936626873254,-0.01296822453644,0.001600050800102));
#4417=CARTESIAN_POINT('',(0.006801676403353,-0.01393832867665,0.001600050800102));
#4418=CARTESIAN_POINT('',(0.007151689103378,-0.01393832867665,0.001600050800102));
#4419=CARTESIAN_POINT('',(0.001021640843282,-0.01393832867665,0.001600050800102));
#4420=CARTESIAN_POINT('',(0.001371653543307,-0.01393832867665,0.001600050800102));
#4421=CARTESIAN_POINT('',(-0.000413411226822,-0.01296821183642,0.001600050800102));
#4422=CARTESIAN_POINT('',(-0.000113411226822,-0.01296821183642,0.001600050800102));
#4423=CARTESIAN_POINT('',(-0.000713411226822,-0.01296821183642,0.001600050800102));
#4424=CARTESIAN_POINT('',(-0.000113411226822,-0.01386821183642,0.001600050800102));
#4425=CARTESIAN_POINT('',(-0.000113411226822,-0.01386821183642,0.001600050800102));
#4426=CARTESIAN_POINT('',(-0.000413411226822,-0.01386821183642,0.001600050800102));
#4427=CARTESIAN_POINT('',(-0.000713411226822,-0.01386821183642,0.001600050800102));
#4428=CARTESIAN_POINT('',(-0.000713411226822,-0.01296821183642,0.001600050800102));
#4429=CARTESIAN_POINT('',(-0.000125672169579,0.006259268458783,0.001600050800102));
#4430=CARTESIAN_POINT('',(-0.000337804203935155,0.00604713642442685,0.001600050800102));
#4431=CARTESIAN_POINT('',(8.645986477721E-5,0.006471400493139,0.001600050800102));
#4432=CARTESIAN_POINT('',(-0.000974200307003,0.006683532527494,0.001600050800102));
#4433=CARTESIAN_POINT('',(-0.000974200307002988,0.00668353252749401,0.001600050800102));
#4434=CARTESIAN_POINT('',(-0.000762068272647,0.00689566456185,0.001600050800102));
#4435=CARTESIAN_POINT('',(-0.000549936238290597,0.0071077965962064,0.001600050800102));
#4436=CARTESIAN_POINT('',(8.645986477721E-5,0.006471400493139,0.001600050800102));
#4437=CARTESIAN_POINT('',(-0.001826383415978,0.005930509604929,0.001600050800102));
#4438=CARTESIAN_POINT('',(-0.001476370715953,0.005930509604929,0.001600050800102));
#4439=CARTESIAN_POINT('',(-0.005913485756003,0.001843407264903,0.001600050800102));
#4440=CARTESIAN_POINT('',(-0.005563473055978,0.001843407264903,0.001600050800102));
#4441=CARTESIAN_POINT('',(-0.006242181747939,0.000142776840971,0.001600050800102));
#4442=CARTESIAN_POINT('',(-0.006454313782295,-6.93551933850666E-5,0.001600050800102));
#4443=CARTESIAN_POINT('',(-0.00603004971358301,0.000354908875326988,0.001600050800102));
#4444=CARTESIAN_POINT('',(-0.007090727845911,0.000567058870231,0.001600050800102));
#4445=CARTESIAN_POINT('',(-0.00709072784591099,0.000567058870231012,0.001600050800102));
#4446=CARTESIAN_POINT('',(-0.006878595811555,0.000779190904587,0.001600050800102));
#4447=CARTESIAN_POINT('',(-0.00666646377719901,0.000991322938942988,0.001600050800102));
#4448=CARTESIAN_POINT('',(-0.006030049713583,0.000354908875327,0.001600050800102));
#4449=CARTESIAN_POINT('',(-0.006614973329947,-0.003549072898146,0.001600050800102));
#4450=CARTESIAN_POINT('',(-0.006614973329947,-0.003849072898146,0.001600050800102));
#4451=CARTESIAN_POINT('',(-0.006614973329947,-0.003249072898146,0.001600050800102));
#4452=CARTESIAN_POINT('',(-0.007514973329947,-0.003849072898146,0.001600050800102));
#4453=CARTESIAN_POINT('',(-0.007514973329947,-0.003849072898146,0.001600050800102));
#4454=CARTESIAN_POINT('',(-0.007514973329947,-0.003549072898146,0.001600050800102));
#4455=CARTESIAN_POINT('',(-0.007514973329947,-0.003249072898146,0.001600050800102));
#4456=CARTESIAN_POINT('',(-0.006614973329947,-0.003249072898146,0.001600050800102));
#4457=CARTESIAN_POINT('',(-0.006614986029972,-0.01219911099822,0.001600050800102));
#4458=CARTESIAN_POINT('',(-0.006614986029972,-0.01249911099822,0.001600050800102));
#4459=CARTESIAN_POINT('',(-0.006614986029972,-0.01189911099822,0.001600050800102));
#4460=CARTESIAN_POINT('',(-0.007515011430023,-0.01249911099822,0.001600050800102));
#4461=CARTESIAN_POINT('',(-0.007515011430023,-0.01249911099822,0.001600050800102));
#4462=CARTESIAN_POINT('',(-0.007515011430023,-0.01219911099822,0.001600050800102));
#4463=CARTESIAN_POINT('',(-0.007515011430023,-0.01189911099822,0.001600050800102));
#4464=CARTESIAN_POINT('',(-0.006614986029972,-0.01189911099822,0.001600050800102));
#4465=CARTESIAN_POINT('',(-0.00758509017018,-0.00498412496825,0.001600050800102));
#4466=CARTESIAN_POINT('',(-0.007235077470155,-0.00498412496825,0.001600050800102));
#4467=CARTESIAN_POINT('',(-0.00758509017018,-0.01076416052832,0.001600050800102));
#4468=CARTESIAN_POINT('',(-0.007235077470155,-0.01076416052832,0.001600050800102));
#4469=CARTESIAN_POINT('',(-0.008890017780036,-0.01651003302006,0.001600050800102));
#4470=CARTESIAN_POINT('',(-0.006350012700026,-0.01651003302006,0.001600050800102));
#4471=CARTESIAN_POINT('',(-0.01096504953009,-0.01219911099822,0.001600050800102));
#4472=CARTESIAN_POINT('',(-0.01096504953009,-0.01249911099822,0.001600050800102));
#4473=CARTESIAN_POINT('',(-0.01096504953009,-0.01189911099822,0.001600050800102));
#4474=CARTESIAN_POINT('',(0.013379098371356,-0.01249911099822,0.001600050800102));
#4475=CARTESIAN_POINT('',(-0.01156504953009,-0.01249911099822,0.001600050800102));
#4476=CARTESIAN_POINT('',(-0.01156504953009,-0.01219911099822,0.001600050800102));
#4477=CARTESIAN_POINT('',(-0.01156504953009,-0.01189911099822,0.001600050800102));
#4478=CARTESIAN_POINT('',(0.013379098371356,-0.01189911099822,0.001600050800102));
#4479=CARTESIAN_POINT('',(-0.01096504953009,-0.003549072898146,0.001600050800102));
#4480=CARTESIAN_POINT('',(-0.01096504953009,-0.003849072898146,0.001600050800102));
#4481=CARTESIAN_POINT('',(-0.01096504953009,-0.003249072898146,0.001600050800102));
#4482=CARTESIAN_POINT('',(0.013379098371356,-0.003849072898146,0.001600050800102));
#4483=CARTESIAN_POINT('',(-0.01156504953009,-0.003849072898146,0.001600050800102));
#4484=CARTESIAN_POINT('',(-0.01156504953009,-0.003549072898146,0.001600050800102));
#4485=CARTESIAN_POINT('',(-0.01156504953009,-0.003249072898146,0.001600050800102));
#4486=CARTESIAN_POINT('',(0.013379098371356,-0.003249072898146,0.001600050800102));
#4487=CARTESIAN_POINT('',(0.013379098371356,-0.0173069375177655,0.001600050800102));
#4488=CARTESIAN_POINT('',(0.00895272798310828,-0.0173069375177655,0.001600050800102));
#4489=CARTESIAN_POINT('',(0.00853641207255988,-0.0173069375177655,0.001600050800102));
#4490=CARTESIAN_POINT('',(0.00895272798310828,-0.0173069375177655,0.001600050800102));
#4491=CARTESIAN_POINT('',(0.00895272798310828,-0.02094234188468,0.001600050800102));
#4492=CARTESIAN_POINT('',(0.036316812121382,-0.02094234188468,0.001600050800102));
#4493=CARTESIAN_POINT('',(0.0363168121213827,-0.02094234188468,0.001600050800102));
#4494=CARTESIAN_POINT('',(0.038341376682753,-0.01891777732331,0.001600050800102));
#4495=CARTESIAN_POINT('',(0.038341376682753,-0.01891777732331,0.001600050800102));
#4496=CARTESIAN_POINT('',(0.038341376682753,0.015361770211298,0.001600050800102));
#4497=CARTESIAN_POINT('',(0.038341376682753,0.0153617702112987,0.001600050800102));
#4498=CARTESIAN_POINT('',(0.037205813899386,0.016497332994666,0.001600050800102));
#4499=CARTESIAN_POINT('',(0.011557023114046,0.012687325374651,0.001600050800102));
#4500=CARTESIAN_POINT('',(0.011557023114046,0.012687325374651,0.001600050800102));
#4501=CARTESIAN_POINT('',(-0.004820749129256,0.012687325374651,0.001600050800102));
#4502=CARTESIAN_POINT('',(-0.00482074912925134,0.012687325374651,0.001600050800102));
#4503=CARTESIAN_POINT('',(-0.01433832867665,0.00316974582725,0.001600050800102));
#4504=CARTESIAN_POINT('',(-0.00533229749992452,0.0121757770039755,0.001600050800102));
#4505=CARTESIAN_POINT('',(-0.00533229749992564,0.0121757770039766,0.001600050800102));
#4506=CARTESIAN_POINT('',(-0.0025896599376447,0.0093202310718108,0.001600050800102));
#4507=CARTESIAN_POINT('',(-0.000707673132064069,0.0111278040639173,0.001600050800102));
#4508=CARTESIAN_POINT('',(-0.00903027522573194,0.00313427790105873,0.001600050800102));
#4509=CARTESIAN_POINT('',(-0.00931814114747053,0.00321873624050246,0.001600050800102));
#4510=CARTESIAN_POINT('',(-0.00924535856254767,0.00292769896568711,0.001600050800102));
#4511=CARTESIAN_POINT('',(-0.000707673132064069,0.0111278040639173,0.001600050800102));
#4512=CARTESIAN_POINT('',(-0.00937672209532211,0.00280152955085027,0.001600050800102));
#4513=CARTESIAN_POINT('',(-0.00937672209532211,0.00280152955085027,0.001600050800102));
#4514=CARTESIAN_POINT('',(-0.011987885588696,0.00552018891520404,0.001600050800102));
#4515=CARTESIAN_POINT('',(-0.01433832867665,0.00316974582725,0.001600050800102));
#4516=CARTESIAN_POINT('',(-0.01433832867665,0.00316974582725,0.001600050800102));
#4517=CARTESIAN_POINT('',(-0.01433832867665,-0.01993377935531,0.001600050800102));
#4518=CARTESIAN_POINT('',(-0.01433832867665,-0.00411757655040263,0.001600050800102));
#4519=CARTESIAN_POINT('',(-0.01433832867665,-0.00411757655040263,0.001600050800102));
#4520=CARTESIAN_POINT('',(-0.0120873135220766,-0.0041175765504028,0.001600050800102));
#4521=CARTESIAN_POINT('',(-0.0120873135220766,-0.00353888890972,0.001600050800102));
#4522=CARTESIAN_POINT('',(-0.0120873135220766,-0.0116919075085883,0.001600050800102));
#4523=CARTESIAN_POINT('',(-0.0120873135220766,-0.0116919075085883,0.001600050800102));
#4524=CARTESIAN_POINT('',(-0.01433832867665,-0.0116919075085884,0.001600050800102));
#4525=CARTESIAN_POINT('',(-0.01433832867665,-0.01993377935531,0.001600050800102));
#4526=CARTESIAN_POINT('',(-0.01433832867665,-0.0199337793553166,0.001600050800102));
#4527=CARTESIAN_POINT('',(-0.01332976614729,-0.02094234188468,0.001600050800102));
#4528=CARTESIAN_POINT('',(-0.01332976614729,-0.02094234188468,0.001600050800102));
#4529=CARTESIAN_POINT('',(0.036316812121382,-0.02094234188468,0.001600050800102));
#4530=CARTESIAN_POINT('',(-0.00103487281534683,-0.02094234188468,0.001600050800102));
#4531=CARTESIAN_POINT('',(-0.00103487281534683,-0.02094234188468,0.001600050800102));
#4532=CARTESIAN_POINT('',(-0.00103487281534683,-0.0173069375177655,0.001600050800102));
#4533=CARTESIAN_POINT('',(0.013379098371356,-0.0173069375177655,0.001600050800102));
#4534=CARTESIAN_POINT('',(-0.000713196426127885,-0.0173069375177655,0.001600050800102));
#4535=CARTESIAN_POINT('',(-0.000413411226822,-0.01731828803657,0.001600050800102));
#4536=CARTESIAN_POINT('',(-0.000113626027516115,-0.0173069375177655,0.001600050800102));
#4537=CARTESIAN_POINT('',(0.013379098371356,-0.0173069375177655,0.001600050800102));
#4538=CARTESIAN_POINT('',(0.00793684167394811,-0.0173069375177655,0.001600050800102));
#4539=CARTESIAN_POINT('',(0.008236626873254,-0.01731828803657,0.001600050800102));
#4540=CARTESIAN_POINT('',(0.0119559357797333,-0.0236569375177655,0.01143));
#4541=CARTESIAN_POINT('',(0.0119559357797333,-0.0236569375177655,0.));
#4542=CARTESIAN_POINT('',(0.0372416377067566,-0.0236569375177655,0.));
#4543=CARTESIAN_POINT('',(-0.01332976614729,-0.0236569375177655,0.));
#4544=CARTESIAN_POINT('',(0.0372416377067566,-0.0236569375177655,0.01143));
#4545=CARTESIAN_POINT('',(-0.01332976614729,-0.0236569375177655,0.01143));
#4546=CARTESIAN_POINT('',(-0.00117188110016286,-0.0236569375177655,0.00332123661064543));
#4547=CARTESIAN_POINT('',(-0.00117188110016286,-0.0236569375177655,0.00446863694444299));
#4548=CARTESIAN_POINT('',(-0.00117188110016286,-0.0236569375177655,0.00217383627684787));
#4549=CARTESIAN_POINT('',(9.81188998371363E-5,-0.0236569375177655,0.00446863694444299));
#4550=CARTESIAN_POINT('',(9.81188998371366E-5,-0.0236569375177655,0.00573863694444299));
#4551=CARTESIAN_POINT('',(0.00395892758388073,-0.0236569375177655,0.00573863694444299));
#4552=CARTESIAN_POINT('',(0.00781973626792431,-0.0236569375177655,0.00573863694444299));
#4553=CARTESIAN_POINT('',(0.00781973626792431,-0.0236569375177655,0.00446863694444299));
#4554=CARTESIAN_POINT('',(0.00908973626792431,-0.0236569375177655,0.00446863694444299));
#4555=CARTESIAN_POINT('',(0.00908973626792431,-0.0236569375177655,0.00332123661064543));
#4556=CARTESIAN_POINT('',(0.00908973626792431,-0.0236569375177655,0.00217383627684787));
#4557=CARTESIAN_POINT('',(0.00781973626792431,-0.0236569375177655,0.00217383627684787));
#4558=CARTESIAN_POINT('',(0.00781973626792431,-0.0236569375177655,0.000903836276847869));
#4559=CARTESIAN_POINT('',(0.00395892758388073,-0.0236569375177655,0.000903836276847869));
#4560=CARTESIAN_POINT('',(9.81188998371366E-5,-0.0236569375177655,0.000903836276847869));
#4561=CARTESIAN_POINT('',(9.81188998371366E-5,-0.0236569375177655,0.00217383627684787));
#4562=CARTESIAN_POINT('',(-0.011997475521639,0.0090889073136946,0.01143));
#4563=CARTESIAN_POINT('',(-0.011997475521639,0.0090889073136946,0.));
#4564=CARTESIAN_POINT('',(-0.0174467135220766,0.00385513234357049,0.));
#4565=CARTESIAN_POINT('',(-0.00654823752120137,0.0143226822838187,0.));
#4566=CARTESIAN_POINT('',(-0.0174467135220766,0.00385513234357049,0.01143));
#4567=CARTESIAN_POINT('',(-0.00654823752120137,0.0143226822838187,0.01143));
#4568=CARTESIAN_POINT('',(-0.00685450316001323,0.0140285263973454,0.00324039339153607));
#4569=CARTESIAN_POINT('',(-0.00685450316001323,0.0140285263973454,0.00421975920814435));
#4570=CARTESIAN_POINT('',(-0.00685450316001323,0.0140285263973454,0.00226102757492778));
#4571=CARTESIAN_POINT('',(-0.00777045455149597,0.0131487917507384,0.00421975920814435));
#4572=CARTESIAN_POINT('',(-0.00777045455149597,0.0131487917507384,0.00548975920814435));
#4573=CARTESIAN_POINT('',(-0.010070293251625,0.0109398887402457,0.00548975920814435));
#4574=CARTESIAN_POINT('',(-0.0129932739475414,0.00813248278675005,0.00548975920814435));
#4575=CARTESIAN_POINT('',(-0.0129932739475414,0.00813248278675005,0.00421975920814435));
#4576=CARTESIAN_POINT('',(-0.0139092253390241,0.007252748140143,0.00421975920814435));
#4577=CARTESIAN_POINT('',(-0.0139092253390241,0.007252748140143,0.00324039339153607));
#4578=CARTESIAN_POINT('',(-0.0139092253390241,0.007252748140143,0.00226102757492778));
#4579=CARTESIAN_POINT('',(-0.0129932739475414,0.00813248278675005,0.00226102757492778));
#4580=CARTESIAN_POINT('',(-0.0129932739475414,0.00813248278675005,0.000991027574927781));
#4581=CARTESIAN_POINT('',(-0.0103818642495187,0.0106406372687442,0.000991027574927781));
#4582=CARTESIAN_POINT('',(-0.00777045455149597,0.0131487917507384,0.000991027574927781));
#4583=CARTESIAN_POINT('',(-0.00777045455149597,0.0131487917507384,0.00226102757492778));
#4584=CARTESIAN_POINT('',(-0.0174467135220766,-0.00803932350587308,0.01143));
#4585=CARTESIAN_POINT('',(-0.0174467135220766,-0.00803932350587308,0.));
#4586=CARTESIAN_POINT('',(-0.0174467135220766,-0.0199337793553166,0.));
#4587=CARTESIAN_POINT('',(-0.0174467135220766,-0.0199337793553166,0.01143));
#4588=CARTESIAN_POINT('',(-0.0174467135220766,-0.00324430526234209,0.003298367082607));
#4589=CARTESIAN_POINT('',(-0.0174467135220766,-0.00324430526234209,0.00379023969501257));
#4590=CARTESIAN_POINT('',(-0.0174467135220766,-0.00324430526234209,0.00280649447020143));
#4591=CARTESIAN_POINT('',(-0.0174467135220766,-0.0045143052623421,0.00379023969501257));
#4592=CARTESIAN_POINT('',(-0.0174467135220766,-0.0045143052623421,0.00506023969501257));
#4593=CARTESIAN_POINT('',(-0.0174467135220766,-0.00790474202949554,0.00506023969501257));
#4594=CARTESIAN_POINT('',(-0.0174467135220766,-0.011295178796649,0.00506023969501257));
#4595=CARTESIAN_POINT('',(-0.0174467135220766,-0.011295178796649,0.00379023969501257));
#4596=CARTESIAN_POINT('',(-0.0174467135220766,-0.012565178796649,0.00379023969501257));
#4597=CARTESIAN_POINT('',(-0.0174467135220766,-0.012565178796649,0.003298367082607));
#4598=CARTESIAN_POINT('',(-0.0174467135220766,-0.012565178796649,0.00280649447020143));
#4599=CARTESIAN_POINT('',(-0.0174467135220766,-0.011295178796649,0.00280649447020143));
#4600=CARTESIAN_POINT('',(-0.0174467135220766,-0.011295178796649,0.00153649447020144));
#4601=CARTESIAN_POINT('',(-0.0174467135220766,-0.00790474202949554,0.00153649447020144));
#4602=CARTESIAN_POINT('',(-0.0174467135220766,-0.0045143052623421,0.00153649447020144));
#4603=CARTESIAN_POINT('',(-0.0174467135220766,-0.0045143052623421,0.00280649447020143));
#4604=CARTESIAN_POINT('',(0.013379098371356,-0.00353888890972,0.));
#4605=CARTESIAN_POINT('',(0.035143205486411,-0.01802990855981,0.));
#4606=CARTESIAN_POINT('',(0.035143205486411,-0.01802990855981,0.));
#4607=CARTESIAN_POINT('',(0.033343230886462,-0.01802990855981,0.));
#4608=CARTESIAN_POINT('',(0.033343230886462,-0.01837992125984,0.));
#4609=CARTESIAN_POINT('',(0.033343230886462,-0.0187299339598616,0.));
#4610=CARTESIAN_POINT('',(0.033343230886462,-0.01872993395986,0.));
#4611=CARTESIAN_POINT('',(0.035143205486411,-0.0187299339598616,0.));
#4612=CARTESIAN_POINT('',(0.035143205486411,-0.01837992125984,0.));
#4613=CARTESIAN_POINT('',(0.035143205486411,-0.005129730759462,0.));
#4614=CARTESIAN_POINT('',(0.035143205486411,-0.005129730759462,0.));
#4615=CARTESIAN_POINT('',(0.033343230886462,-0.005129730759462,0.));
#4616=CARTESIAN_POINT('',(0.033343230886462,-0.005479743459487,0.));
#4617=CARTESIAN_POINT('',(0.033343230886462,-0.005829756159512,0.));
#4618=CARTESIAN_POINT('',(0.033343230886462,-0.005829756159512,0.));
#4619=CARTESIAN_POINT('',(0.035143205486411,-0.005829756159512,0.));
#4620=CARTESIAN_POINT('',(0.035143205486411,-0.005479743459487,0.));
#4621=CARTESIAN_POINT('',(0.029953992887986,0.012118877317755,0.));
#4622=CARTESIAN_POINT('',(0.029953992887986,0.012118877317755,0.));
#4623=CARTESIAN_POINT('',(0.029953992887986,0.013918851917704,0.));
#4624=CARTESIAN_POINT('',(0.02960398018796,0.013918851917704,0.));
#4625=CARTESIAN_POINT('',(0.029253967487935,0.013918851917704,0.));
#4626=CARTESIAN_POINT('',(0.029253967487935,0.013918851917704,0.));
#4627=CARTESIAN_POINT('',(0.029253967487935,0.012118877317755,0.));
#4628=CARTESIAN_POINT('',(0.02960398018796,0.012118877317755,0.));
#4629=CARTESIAN_POINT('',(0.01705381508763,0.012118877317755,0.));
#4630=CARTESIAN_POINT('',(0.01705381508763,0.012118877317755,0.));
#4631=CARTESIAN_POINT('',(0.01705381508763,0.013918851917704,0.));
#4632=CARTESIAN_POINT('',(0.016703802387605,0.013918851917704,0.));
#4633=CARTESIAN_POINT('',(0.016353789687579,0.013918851917704,0.));
#4634=CARTESIAN_POINT('',(0.016353789687579,0.013918851917704,0.));
#4635=CARTESIAN_POINT('',(0.016353789687579,0.012118877317755,0.));
#4636=CARTESIAN_POINT('',(0.016703802387605,0.012118877317755,0.));
#4637=CARTESIAN_POINT('',(0.007936626873254,-0.01296822453644,0.));
#4638=CARTESIAN_POINT('',(0.007936626873254,-0.01296822453644,0.));
#4639=CARTESIAN_POINT('',(0.007936626873254,-0.0138682499365,0.));
#4640=CARTESIAN_POINT('',(0.008236626873254,-0.0138682499365,0.));
#4641=CARTESIAN_POINT('',(0.008536626873254,-0.0138682499365,0.));
#4642=CARTESIAN_POINT('',(0.008536626873254,-0.0138682499365,0.));
#4643=CARTESIAN_POINT('',(0.008536626873254,-0.01296822453644,0.));
#4644=CARTESIAN_POINT('',(0.008236626873254,-0.01296822453644,0.));
#4645=CARTESIAN_POINT('',(0.007936626873254,-0.00353888890972,0.));
#4646=CARTESIAN_POINT('',(0.007936626873254,-0.01731828803657,0.));
#4647=CARTESIAN_POINT('',(0.007936626873254,-0.01791828803657,0.));
#4648=CARTESIAN_POINT('',(0.008236626873254,-0.01791828803657,0.));
#4649=CARTESIAN_POINT('',(0.008536626873254,-0.01791828803657,0.));
#4650=CARTESIAN_POINT('',(0.008536626873254,-0.00353888890972,0.));
#4651=CARTESIAN_POINT('',(0.008536626873254,-0.01731828803657,0.));
#4652=CARTESIAN_POINT('',(0.008236626873254,-0.01731828803657,0.));
#4653=CARTESIAN_POINT('',(0.006801676403353,-0.01393832867665,0.));
#4654=CARTESIAN_POINT('',(0.007151689103378,-0.01393832867665,0.));
#4655=CARTESIAN_POINT('',(0.001021640843282,-0.01393832867665,0.));
#4656=CARTESIAN_POINT('',(0.001371653543307,-0.01393832867665,0.));
#4657=CARTESIAN_POINT('',(-0.000713411226822,-0.01296821183642,0.));
#4658=CARTESIAN_POINT('',(-0.000713411226822,-0.01296821183642,0.));
#4659=CARTESIAN_POINT('',(-0.000713411226822,-0.01386821183642,0.));
#4660=CARTESIAN_POINT('',(-0.000413411226822,-0.01386821183642,0.));
#4661=CARTESIAN_POINT('',(-0.000113411226822,-0.01386821183642,0.));
#4662=CARTESIAN_POINT('',(-0.000113411226822,-0.01386821183642,0.));
#4663=CARTESIAN_POINT('',(-0.000113411226822,-0.01296821183642,0.));
#4664=CARTESIAN_POINT('',(-0.000413411226822,-0.01296821183642,0.));
#4665=CARTESIAN_POINT('',(-0.000713411226821999,-0.00353888890972,0.));
#4666=CARTESIAN_POINT('',(-0.000713411226822,-0.01731828803657,0.));
#4667=CARTESIAN_POINT('',(-0.000713411226822,-0.01791828803657,0.));
#4668=CARTESIAN_POINT('',(-0.000413411226822,-0.01791828803657,0.));
#4669=CARTESIAN_POINT('',(-0.000113411226822,-0.01791828803657,0.));
#4670=CARTESIAN_POINT('',(-0.000113411226821999,-0.00353888890972,0.));
#4671=CARTESIAN_POINT('',(-0.000113411226822,-0.01731828803657,0.));
#4672=CARTESIAN_POINT('',(-0.000413411226822,-0.01731828803657,0.));
#4673=CARTESIAN_POINT('',(8.645986477721E-5,0.006471400493139,0.));
#4674=CARTESIAN_POINT('',(8.64598647771575E-5,0.00647140049313905,0.));
#4675=CARTESIAN_POINT('',(-0.000549936238290597,0.0071077965962064,0.));
#4676=CARTESIAN_POINT('',(-0.000762068272647,0.00689566456185,0.));
#4677=CARTESIAN_POINT('',(-0.000974200307002988,0.00668353252749401,0.));
#4678=CARTESIAN_POINT('',(-0.000974200307003,0.006683532527494,0.));
#4679=CARTESIAN_POINT('',(-0.000337804203935155,0.00604713642442685,0.));
#4680=CARTESIAN_POINT('',(-0.000125672169579,0.006259268458783,0.));
#4681=CARTESIAN_POINT('',(-0.001826383415978,0.005930509604929,0.));
#4682=CARTESIAN_POINT('',(-0.001476370715953,0.005930509604929,0.));
#4683=CARTESIAN_POINT('',(0.0117379238194961,-0.00518006346157989,0.));
#4684=CARTESIAN_POINT('',(-0.00298950851502839,0.00954736887294461,0.));
#4685=CARTESIAN_POINT('',(-0.0034137725837404,0.0099716329416566,0.));
#4686=CARTESIAN_POINT('',(-0.00362590461809636,0.00975950090730064,0.));
#4687=CARTESIAN_POINT('',(-0.00383803665245283,0.00954736887294417,0.));
#4688=CARTESIAN_POINT('',(0.0113136597507835,-0.0056043275302925,0.));
#4689=CARTESIAN_POINT('',(-0.00341377258374083,0.00912310480423217,0.));
#4690=CARTESIAN_POINT('',(-0.00320164054938436,0.00933523683858864,0.));
#4691=CARTESIAN_POINT('',(-0.005913485756003,0.001843407264903,0.));
#4692=CARTESIAN_POINT('',(-0.005563473055978,0.001843407264903,0.));
#4693=CARTESIAN_POINT('',(-0.006030049713583,0.000354908875327,0.));
#4694=CARTESIAN_POINT('',(-0.00603004971358301,0.000354908875326988,0.));
#4695=CARTESIAN_POINT('',(-0.00666646377719901,0.000991322938942988,0.));
#4696=CARTESIAN_POINT('',(-0.006878595811555,0.000779190904587,0.));
#4697=CARTESIAN_POINT('',(-0.00709072784591099,0.000567058870231012,0.));
#4698=CARTESIAN_POINT('',(-0.007090727845911,0.000567058870231,0.));
#4699=CARTESIAN_POINT('',(-0.006454313782295,-6.93551933850666E-5,0.));
#4700=CARTESIAN_POINT('',(-0.006242181747939,0.000142776840971,0.));
#4701=CARTESIAN_POINT('',(-0.006614973329947,-0.003249072898146,0.));
#4702=CARTESIAN_POINT('',(-0.006614973329947,-0.003249072898146,0.));
#4703=CARTESIAN_POINT('',(-0.007514973329947,-0.003249072898146,0.));
#4704=CARTESIAN_POINT('',(-0.007514973329947,-0.003549072898146,0.));
#4705=CARTESIAN_POINT('',(-0.007514973329947,-0.003849072898146,0.));
#4706=CARTESIAN_POINT('',(-0.007514973329947,-0.003849072898146,0.));
#4707=CARTESIAN_POINT('',(-0.006614973329947,-0.003849072898146,0.));
#4708=CARTESIAN_POINT('',(-0.006614973329947,-0.003549072898146,0.));
#4709=CARTESIAN_POINT('',(-0.006614986029972,-0.01189911099822,0.));
#4710=CARTESIAN_POINT('',(-0.006614986029972,-0.01189911099822,0.));
#4711=CARTESIAN_POINT('',(-0.007515011430023,-0.01189911099822,0.));
#4712=CARTESIAN_POINT('',(-0.007515011430023,-0.01219911099822,0.));
#4713=CARTESIAN_POINT('',(-0.007515011430023,-0.01249911099822,0.));
#4714=CARTESIAN_POINT('',(-0.007515011430023,-0.01249911099822,0.));
#4715=CARTESIAN_POINT('',(-0.006614986029972,-0.01249911099822,0.));
#4716=CARTESIAN_POINT('',(-0.006614986029972,-0.01219911099822,0.));
#4717=CARTESIAN_POINT('',(-0.00758509017018,-0.00498412496825,0.));
#4718=CARTESIAN_POINT('',(-0.007235077470155,-0.00498412496825,0.));
#4719=CARTESIAN_POINT('',(-0.00758509017018,-0.01076416052832,0.));
#4720=CARTESIAN_POINT('',(-0.007235077470155,-0.01076416052832,0.));
#4721=CARTESIAN_POINT('',(0.00562142322141,-0.011296564059666,0.));
#4722=CARTESIAN_POINT('',(-0.00910600911311452,0.00343086827485849,0.));
#4723=CARTESIAN_POINT('',(-0.00953027318182652,0.00385513234357049,0.));
#4724=CARTESIAN_POINT('',(-0.00974240521618254,0.00364300030921447,0.));
#4725=CARTESIAN_POINT('',(-0.0099545372505385,0.0034308682748585,0.));
#4726=CARTESIAN_POINT('',(0.005197159152698,-0.011720828128378,0.));
#4727=CARTESIAN_POINT('',(-0.0095302731818265,0.0030066042061465,0.));
#4728=CARTESIAN_POINT('',(-0.00931814114747053,0.00321873624050246,0.));
#4729=CARTESIAN_POINT('',(-0.008890017780036,-0.01651003302006,0.));
#4730=CARTESIAN_POINT('',(-0.006350012700026,-0.01651003302006,0.));
#4731=CARTESIAN_POINT('',(0.013379098371356,-0.01189911099822,0.));
#4732=CARTESIAN_POINT('',(-0.01096504953009,-0.01189911099822,0.));
#4733=CARTESIAN_POINT('',(-0.01156504953009,-0.01189911099822,0.));
#4734=CARTESIAN_POINT('',(-0.01156504953009,-0.01219911099822,0.));
#4735=CARTESIAN_POINT('',(-0.01156504953009,-0.01249911099822,0.));
#4736=CARTESIAN_POINT('',(0.013379098371356,-0.01249911099822,0.));
#4737=CARTESIAN_POINT('',(-0.01096504953009,-0.01249911099822,0.));
#4738=CARTESIAN_POINT('',(-0.01096504953009,-0.01219911099822,0.));
#4739=CARTESIAN_POINT('',(0.013379098371356,-0.003249072898146,0.));
#4740=CARTESIAN_POINT('',(-0.01096504953009,-0.003249072898146,0.));
#4741=CARTESIAN_POINT('',(-0.01156504953009,-0.003249072898146,0.));
#4742=CARTESIAN_POINT('',(-0.01156504953009,-0.003549072898146,0.));
#4743=CARTESIAN_POINT('',(-0.01156504953009,-0.003849072898146,0.));
#4744=CARTESIAN_POINT('',(0.013379098371356,-0.003849072898146,0.));
#4745=CARTESIAN_POINT('',(-0.01096504953009,-0.003849072898146,0.));
#4746=CARTESIAN_POINT('',(-0.01096504953009,-0.003549072898146,0.));
#4747=CARTESIAN_POINT('',(0.00231567700393498,0.0144575057342386,0.));
#4748=CARTESIAN_POINT('',(0.0111795915290713,0.0145923291846585,0.));
#4749=CARTESIAN_POINT('',(0.0130488921747748,0.0164590524234193,0.));
#4750=CARTESIAN_POINT('',(0.0400187478902664,0.0155448310896623,0.));
#4751=CARTESIAN_POINT('',(0.0409699364778921,0.0145923291846585,0.));
#4752=CARTESIAN_POINT('',(0.0409699364778921,-0.00267072508532908,0.));
#4753=CARTESIAN_POINT('',(0.0409699364778921,-0.0199337793553166,0.));
#4754=CARTESIAN_POINT('',(0.0391057870923244,-0.0217953584365411,0.));
#4755=CARTESIAN_POINT('',(-0.0153882398346833,-0.0217953584365411,0.));
#4756=CARTESIAN_POINT('',(0.035143205486411,-0.01837992125984,0.));
#4757=CARTESIAN_POINT('',(0.035143205486411,-0.01872993395986,0.));
#4758=CARTESIAN_POINT('',(0.035143205486411,-0.01802990855981,0.));
#4759=CARTESIAN_POINT('',(0.033343230886462,-0.01872993395986,0.));
#4760=CARTESIAN_POINT('',(0.033343230886462,-0.01872993395986,0.));
#4761=CARTESIAN_POINT('',(0.033343230886462,-0.01837992125984,0.));
#4762=CARTESIAN_POINT('',(0.033343230886462,-0.01802990855981,0.));
#4763=CARTESIAN_POINT('',(0.035143205486411,-0.01802990855981,0.));
#4764=CARTESIAN_POINT('',(0.035143205486411,-0.005479743459487,0.));
#4765=CARTESIAN_POINT('',(0.035143205486411,-0.005829756159512,0.));
#4766=CARTESIAN_POINT('',(0.035143205486411,-0.005129730759462,0.));
#4767=CARTESIAN_POINT('',(0.033343230886462,-0.005829756159512,0.));
#4768=CARTESIAN_POINT('',(0.033343230886462,-0.005829756159512,0.));
#4769=CARTESIAN_POINT('',(0.033343230886462,-0.005479743459487,0.));
#4770=CARTESIAN_POINT('',(0.033343230886462,-0.005129730759462,0.));
#4771=CARTESIAN_POINT('',(0.035143205486411,-0.005129730759462,0.));
#4772=CARTESIAN_POINT('',(0.02960398018796,0.012118877317755,0.));
#4773=CARTESIAN_POINT('',(0.029253967487935,0.012118877317755,0.));
#4774=CARTESIAN_POINT('',(0.029953992887986,0.012118877317755,0.));
#4775=CARTESIAN_POINT('',(0.029253967487935,0.013918851917704,0.));
#4776=CARTESIAN_POINT('',(0.029253967487935,0.013918851917704,0.));
#4777=CARTESIAN_POINT('',(0.02960398018796,0.013918851917704,0.));
#4778=CARTESIAN_POINT('',(0.029953992887986,0.013918851917704,0.));
#4779=CARTESIAN_POINT('',(0.029953992887986,0.012118877317755,0.));
#4780=CARTESIAN_POINT('',(0.016703802387605,0.012118877317755,0.));
#4781=CARTESIAN_POINT('',(0.016353789687579,0.012118877317755,0.));
#4782=CARTESIAN_POINT('',(0.01705381508763,0.012118877317755,0.));
#4783=CARTESIAN_POINT('',(0.016353789687579,0.013918851917704,0.));
#4784=CARTESIAN_POINT('',(0.016353789687579,0.013918851917704,0.));
#4785=CARTESIAN_POINT('',(0.016703802387605,0.013918851917704,0.));
#4786=CARTESIAN_POINT('',(0.01705381508763,0.013918851917704,0.));
#4787=CARTESIAN_POINT('',(0.01705381508763,0.012118877317755,0.));
#4788=CARTESIAN_POINT('',(0.008236626873254,-0.01296822453644,0.));
#4789=CARTESIAN_POINT('',(0.008536626873254,-0.01296822453644,0.));
#4790=CARTESIAN_POINT('',(0.007936626873254,-0.01296822453644,0.));
#4791=CARTESIAN_POINT('',(0.008536626873254,-0.0138682499365,0.));
#4792=CARTESIAN_POINT('',(0.008536626873254,-0.0138682499365,0.));
#4793=CARTESIAN_POINT('',(0.008236626873254,-0.0138682499365,0.));
#4794=CARTESIAN_POINT('',(0.007936626873254,-0.0138682499365,0.));
#4795=CARTESIAN_POINT('',(0.007936626873254,-0.01296822453644,0.));
#4796=CARTESIAN_POINT('',(0.008236626873254,-0.01731828803657,0.));
#4797=CARTESIAN_POINT('',(0.00793684167394811,-0.0173069375177655,0.));
#4798=CARTESIAN_POINT('',(0.00793684167394811,-0.0173069375177655,0.000909246887409543));
#4799=CARTESIAN_POINT('',(0.00793684167394811,-0.0173069375177655,0.000909246887409543));
#4800=CARTESIAN_POINT('',(0.00793669847392499,-0.0173107196574378,0.000909233626585919));
#4801=CARTESIAN_POINT('',(0.007936626873254,-0.0173145031637191,0.000909227014512005));
#4802=CARTESIAN_POINT('',(0.007936626873254,-0.01731828803657,0.000909227014512005));
#4803=CARTESIAN_POINT('',(0.007936626873254,-0.01731828803657,0.000909227014512005));
#4804=CARTESIAN_POINT('',(0.007936626873254,-0.01731828803657,0.));
#4805=CARTESIAN_POINT('',(0.008536626873254,-0.01731828803657,0.));
#4806=CARTESIAN_POINT('',(0.008536626873254,-0.01731828803657,0.00112551959759964));
#4807=CARTESIAN_POINT('',(0.008536626873254,-0.01731828803657,0.00112551959759964));
#4808=CARTESIAN_POINT('',(0.008536626873254,-0.0173145025419374,0.00112551959759964));
#4809=CARTESIAN_POINT('',(0.00853655524907721,-0.0173107190366126,0.00112547060670381));
#4810=CARTESIAN_POINT('',(0.00853641207255988,-0.0173069375177655,0.00112537273859298));
#4811=CARTESIAN_POINT('',(0.00853641207255988,-0.0173069375177655,0.00112537273859298));
#4812=CARTESIAN_POINT('',(0.00853641207255988,-0.0173069375177655,0.));
#4813=CARTESIAN_POINT('',(0.008536626873254,-0.0138682499365,0.));
#4814=CARTESIAN_POINT('',(0.008536626873254,-0.01791828803657,0.));
#4815=CARTESIAN_POINT('',(0.008536626873254,-0.01791828803657,0.00112551959759964));
#4816=CARTESIAN_POINT('',(0.008536626873254,-0.01791828803657,0.00112551959759964));
#4817=CARTESIAN_POINT('',(0.008236626873254,-0.01791828803657,0.));
#4818=CARTESIAN_POINT('',(0.007936626873254,-0.01791828803657,0.));
#4819=CARTESIAN_POINT('',(0.007936626873254,-0.01791828803657,0.000909227014512005));
#4820=CARTESIAN_POINT('',(0.007936626873254,-0.01791828803657,0.000909227014512005));
#4821=CARTESIAN_POINT('',(0.007936626873254,-0.0180825284803167,0.000909227014512005));
#4822=CARTESIAN_POINT('',(0.0082551706745435,-0.0183535739001603,0.000937572335933036));
#4823=CARTESIAN_POINT('',(0.008536626873254,-0.018082902607772,0.00112551959759964));
#4824=CARTESIAN_POINT('',(0.008536626873254,-0.01791828803657,0.00112551959759964));
#4825=CARTESIAN_POINT('',(0.007936626873254,-0.01296822453644,0.));
#4826=CARTESIAN_POINT('',(0.007936626873254,-0.01731828803657,0.000909227014512005));
#4827=CARTESIAN_POINT('',(0.006801676403353,-0.01393832867665,0.));
#4828=CARTESIAN_POINT('',(0.001021640843282,-0.01393832867665,0.));
#4829=CARTESIAN_POINT('',(-0.000413411226822,-0.01296821183642,0.));
#4830=CARTESIAN_POINT('',(-0.000113411226822,-0.01296821183642,0.));
#4831=CARTESIAN_POINT('',(-0.000713411226822,-0.01296821183642,0.));
#4832=CARTESIAN_POINT('',(-0.000113411226822,-0.01386821183642,0.));
#4833=CARTESIAN_POINT('',(-0.000113411226822,-0.01386821183642,0.));
#4834=CARTESIAN_POINT('',(-0.000413411226822,-0.01386821183642,0.));
#4835=CARTESIAN_POINT('',(-0.000713411226822,-0.01386821183642,0.));
#4836=CARTESIAN_POINT('',(-0.000713411226822,-0.01296821183642,0.));
#4837=CARTESIAN_POINT('',(-0.000413411226822,-0.01731828803657,0.));
#4838=CARTESIAN_POINT('',(-0.000713196426127885,-0.0173069375177655,0.));
#4839=CARTESIAN_POINT('',(-0.000713196426127885,-0.0173069375177655,0.0011967654289283));
#4840=CARTESIAN_POINT('',(-0.000713196426127885,-0.0173069375177655,0.0011967654289283));
#4841=CARTESIAN_POINT('',(-0.000713339591260786,-0.0173107187359319,0.00119688430676271));
#4842=CARTESIAN_POINT('',(-0.000713411226821999,-0.0173145022406522,0.00119694382958225));
#4843=CARTESIAN_POINT('',(-0.000713411226822,-0.0173182880365699,0.00119694382958225));
#4844=CARTESIAN_POINT('',(-0.000713411226822,-0.01731828803657,0.00119694382957866));
#4845=CARTESIAN_POINT('',(-0.000713411226822,-0.01731828803657,0.));
#4846=CARTESIAN_POINT('',(-0.000113411226822,-0.01731828803657,0.));
#4847=CARTESIAN_POINT('',(-0.000113411226822,-0.01731828803657,0.000921576317607948));
#4848=CARTESIAN_POINT('',(-0.000113411226822,-0.01731828803657,0.000921576317607948));
#4849=CARTESIAN_POINT('',(-0.000113411226822,-0.0173145031366143,0.000921576317607948));
#4850=CARTESIAN_POINT('',(-0.000113482828519197,-0.0173107196303342,0.000921588406157367));
#4851=CARTESIAN_POINT('',(-0.000113626027516115,-0.0173069375177656,0.000921612620410982));
#4852=CARTESIAN_POINT('',(-0.000113626027516115,-0.0173069375177655,0.000921612620410982));
#4853=CARTESIAN_POINT('',(-0.000113626027516115,-0.0173069375177655,0.));
#4854=CARTESIAN_POINT('',(-0.000113411226822,-0.01386821183642,0.));
#4855=CARTESIAN_POINT('',(-0.000113411226822,-0.01791828803657,0.));
#4856=CARTESIAN_POINT('',(-0.000113411226822,-0.01791828803657,0.000921576317607948));
#4857=CARTESIAN_POINT('',(-0.000113411226822,-0.01791828803657,0.000921576317607948));
#4858=CARTESIAN_POINT('',(-0.000413411226822,-0.01791828803657,0.));
#4859=CARTESIAN_POINT('',(-0.000713411226822,-0.01791828803657,0.));
#4860=CARTESIAN_POINT('',(-0.000713411226822,-0.01791828803657,0.00119694382957866));
#4861=CARTESIAN_POINT('',(-0.000713411226822,-0.01791828803657,0.00119694382957866));
#4862=CARTESIAN_POINT('',(-0.000713411226822,-0.0180861019714807,0.00119694382957866));
#4863=CARTESIAN_POINT('',(-0.000438812189344452,-0.0183500761138176,0.000974902359338357));
#4864=CARTESIAN_POINT('',(-0.000113411226821999,-0.0180858221167478,0.000921576317607934));
#4865=CARTESIAN_POINT('',(-0.000113411226821999,-0.01791828803657,0.000921576317607934));
#4866=CARTESIAN_POINT('',(-0.000713411226822,-0.01296821183642,0.));
#4867=CARTESIAN_POINT('',(-0.000713411226822,-0.01731828803657,0.00119694382957866));
#4868=CARTESIAN_POINT('',(-0.000125672169579,0.006259268458783,0.));
#4869=CARTESIAN_POINT('',(-0.000337804203935,0.006047136424427,0.));
#4870=CARTESIAN_POINT('',(8.645986477721E-5,0.006471400493139,0.));
#4871=CARTESIAN_POINT('',(-0.000974200307003,0.006683532527494,0.));
#4872=CARTESIAN_POINT('',(-0.000974200307003,0.006683532527494,0.));
#4873=CARTESIAN_POINT('',(-0.000762068272647,0.00689566456185,0.));
#4874=CARTESIAN_POINT('',(-0.000549936238291,0.007107796596206,0.));
#4875=CARTESIAN_POINT('',(8.645986477721E-5,0.006471400493139,0.));
#4876=CARTESIAN_POINT('',(-0.001826383415978,0.005930509604929,0.));
#4877=CARTESIAN_POINT('',(-0.00320164054938436,0.00933523683858864,0.));
#4878=CARTESIAN_POINT('',(-0.00341377258374066,0.00912310480423234,0.));
#4879=CARTESIAN_POINT('',(-0.00341377258374066,0.00912310480423234,0.0010412233408143));
#4880=CARTESIAN_POINT('',(-0.00341377258374066,0.00912310480423234,0.0010412233408143));
#4881=CARTESIAN_POINT('',(-0.00335211515173457,0.00906144737222625,0.0010417329263967));
#4882=CARTESIAN_POINT('',(-0.00317394668792013,0.00899989533052059,0.00106340482727472));
#4883=CARTESIAN_POINT('',(-0.00295284087130978,0.0091236218591891,0.00118031389622386));
#4884=CARTESIAN_POINT('',(-0.0028759100507694,0.00932489070264551,0.00133798806762429));
#4885=CARTESIAN_POINT('',(-0.00292763803696533,0.00948549839488153,0.00142402779824671));
#4886=CARTESIAN_POINT('',(-0.00298950851502839,0.0095473688729446,0.00142202286552824));
#4887=CARTESIAN_POINT('',(-0.00298950851502839,0.0095473688729446,0.00142202286552823));
#4888=CARTESIAN_POINT('',(-0.00298950851502839,0.0095473688729446,0.));
#4889=CARTESIAN_POINT('',(-0.000974200307003,0.006683532527494,0.));
#4890=CARTESIAN_POINT('',(-0.0158105970062174,0.0215199292267085,0.00226102757492778));
#4891=CARTESIAN_POINT('',(-0.00383803665245266,0.00954736887294434,0.0010377817452234));
#4892=CARTESIAN_POINT('',(-0.00383803665245266,0.00954736887294434,0.));
#4893=CARTESIAN_POINT('',(-0.00362590461809636,0.00975950090730064,0.));
#4894=CARTESIAN_POINT('',(-0.0034137725837404,0.0099716329416566,0.));
#4895=CARTESIAN_POINT('',(-0.0034137725837404,0.0099716329416566,0.00140847113167618));
#4896=CARTESIAN_POINT('',(-0.0034137725837404,0.0099716329416566,0.00140847113167618));
#4897=CARTESIAN_POINT('',(-0.00347540414969778,0.010033264507614,0.00140653062894003));
#4898=CARTESIAN_POINT('',(-0.00363284697133316,0.0100849992796196,0.00131955109043505));
#4899=CARTESIAN_POINT('',(-0.00383689007234423,0.0100095859596995,0.00116562537807199));
#4900=CARTESIAN_POINT('',(-0.00396147037928224,0.00978730059325854,0.00105584179950076));
#4901=CARTESIAN_POINT('',(-0.00389952750989345,0.00960885973038577,0.00103729230999475));
#4902=CARTESIAN_POINT('',(-0.00383803665245229,0.00954736887294463,0.00103778174522334));
#4903=CARTESIAN_POINT('',(8.645986477721E-5,0.006471400493139,0.));
#4904=CARTESIAN_POINT('',(-0.0364220463144371,0.0429799066723534,0.00226102757492778));
#4905=CARTESIAN_POINT('',(-0.005913485756003,0.001843407264903,0.));
#4906=CARTESIAN_POINT('',(-0.006242181747939,0.000142776840971,0.));
#4907=CARTESIAN_POINT('',(-0.006454313782295,-6.93551933852E-5,0.));
#4908=CARTESIAN_POINT('',(-0.006030049713583,0.000354908875327,0.));
#4909=CARTESIAN_POINT('',(-0.007090727845911,0.000567058870231,0.));
#4910=CARTESIAN_POINT('',(-0.007090727845911,0.000567058870231,0.));
#4911=CARTESIAN_POINT('',(-0.006878595811555,0.000779190904587,0.));
#4912=CARTESIAN_POINT('',(-0.006666463777199,0.000991322938943,0.));
#4913=CARTESIAN_POINT('',(-0.006030049713583,0.000354908875327,0.));
#4914=CARTESIAN_POINT('',(-0.006614973329947,-0.003549072898146,0.));
#4915=CARTESIAN_POINT('',(-0.006614973329947,-0.003849072898146,0.));
#4916=CARTESIAN_POINT('',(-0.006614973329947,-0.003249072898146,0.));
#4917=CARTESIAN_POINT('',(-0.007514973329947,-0.003849072898146,0.));
#4918=CARTESIAN_POINT('',(-0.007514973329947,-0.003849072898146,0.));
#4919=CARTESIAN_POINT('',(-0.007514973329947,-0.003549072898146,0.));
#4920=CARTESIAN_POINT('',(-0.007514973329947,-0.003249072898146,0.));
#4921=CARTESIAN_POINT('',(-0.006614973329947,-0.003249072898146,0.));
#4922=CARTESIAN_POINT('',(-0.006614986029972,-0.01219911099822,0.));
#4923=CARTESIAN_POINT('',(-0.006614986029972,-0.01249911099822,0.));
#4924=CARTESIAN_POINT('',(-0.006614986029972,-0.01189911099822,0.));
#4925=CARTESIAN_POINT('',(-0.007515011430023,-0.01249911099822,0.));
#4926=CARTESIAN_POINT('',(-0.007515011430023,-0.01249911099822,0.));
#4927=CARTESIAN_POINT('',(-0.007515011430023,-0.01219911099822,0.));
#4928=CARTESIAN_POINT('',(-0.007515011430023,-0.01189911099822,0.));
#4929=CARTESIAN_POINT('',(-0.006614986029972,-0.01189911099822,0.));
#4930=CARTESIAN_POINT('',(-0.00758509017018,-0.00498412496825,0.));
#4931=CARTESIAN_POINT('',(-0.00758509017018,-0.01076416052832,0.));
#4932=CARTESIAN_POINT('',(-0.00931814114747053,0.00321873624050246,0.));
#4933=CARTESIAN_POINT('',(-0.00903027522573194,0.00313427790105873,0.));
#4934=CARTESIAN_POINT('',(-0.00903027522573194,0.00313427790105873,0.00114389327163732));
#4935=CARTESIAN_POINT('',(-0.00903027522573194,0.00313427790105873,0.00114389327163732));
#4936=CARTESIAN_POINT('',(-0.00900189030727805,0.0032310244244692,0.00109658475411432));
#4937=CARTESIAN_POINT('',(-0.00902713495869642,0.00335199412044029,0.00107380219602495));
#4938=CARTESIAN_POINT('',(-0.00910600911311457,0.00343086827485843,0.00107466152518147));
#4939=CARTESIAN_POINT('',(-0.00910600911311454,0.00343086827485847,0.00107466152518139));
#4940=CARTESIAN_POINT('',(-0.00910600911311454,0.00343086827485847,0.));
#4941=CARTESIAN_POINT('',(-0.0095302731818265,0.0030066042061465,0.));
#4942=CARTESIAN_POINT('',(-0.0095302731818265,0.0030066042061465,0.00155122384850307));
#4943=CARTESIAN_POINT('',(-0.0095302731818265,0.0030066042061465,0.00155122384850307));
#4944=CARTESIAN_POINT('',(-0.00944270476959725,0.00291903579391724,0.00154751878147218));
#4945=CARTESIAN_POINT('',(-0.00933488906478568,0.00290530918284415,0.00144814483563907));
#4946=CARTESIAN_POINT('',(-0.00924535856254767,0.00292769896568711,0.00136729627138679));
#4947=CARTESIAN_POINT('',(-0.00924535856254767,0.00292769896568711,0.00136729627138679));
#4948=CARTESIAN_POINT('',(-0.00924535856254767,0.00292769896568711,0.));
#4949=CARTESIAN_POINT('',(-0.007090727845911,0.000567058870231,0.));
#4950=CARTESIAN_POINT('',(-0.0099545372505385,0.0034308682748585,0.));
#4951=CARTESIAN_POINT('',(-0.0099545372505385,0.0034308682748585,0.00156951343991878));
#4952=CARTESIAN_POINT('',(0.0273994016463923,-0.0339230706220724,0.00226102757492778));
#4953=CARTESIAN_POINT('',(-0.00974240521618254,0.00364300030921447,0.));
#4954=CARTESIAN_POINT('',(-0.00953027318182654,0.00385513234357047,0.));
#4955=CARTESIAN_POINT('',(-0.00953027318182654,0.00385513234357047,0.00107935483297723));
#4956=CARTESIAN_POINT('',(-0.0095302731818265,0.00385513234357051,0.00107935483297723));
#4957=CARTESIAN_POINT('',(-0.00959514428265867,0.00392000344440268,0.00108008334775647));
#4958=CARTESIAN_POINT('',(-0.0097848264489557,0.00397827914559858,0.00111442945131316));
#4959=CARTESIAN_POINT('',(-0.00999621302101191,0.00384485674788312,0.00126764139643022));
#4960=CARTESIAN_POINT('',(-0.0100653104818877,0.00365531103746304,0.00145277564734023));
#4961=CARTESIAN_POINT('',(-0.0100196440802025,0.003495975104522,0.00157237348761222));
#4962=CARTESIAN_POINT('',(-0.00995453725053829,0.00343086827485801,0.00156951343991408));
#4963=CARTESIAN_POINT('',(-0.006030049713583,0.000354908875327,0.));
#4964=CARTESIAN_POINT('',(0.00678795233820209,-0.0124630931764581,0.00226102757492778));
#4965=CARTESIAN_POINT('',(-0.008890017780036,-0.01651003302006,0.));
#4966=CARTESIAN_POINT('',(-0.01096504953009,-0.01219911099822,0.));
#4967=CARTESIAN_POINT('',(-0.01096504953009,-0.01249911099822,0.));
#4968=CARTESIAN_POINT('',(-0.01096504953009,-0.01189911099822,0.));
#4969=CARTESIAN_POINT('',(-0.007515011430023,-0.01249911099822,0.));
#4970=CARTESIAN_POINT('',(-0.01156504953009,-0.01249911099822,0.));
#4971=CARTESIAN_POINT('',(-0.01156504953009,-0.01219911099822,0.));
#4972=CARTESIAN_POINT('',(-0.01156504953009,-0.01189911099822,0.));
#4973=CARTESIAN_POINT('',(-0.006614986029972,-0.01189911099822,0.));
#4974=CARTESIAN_POINT('',(-0.01096504953009,-0.003549072898146,0.));
#4975=CARTESIAN_POINT('',(-0.01096504953009,-0.003849072898146,0.));
#4976=CARTESIAN_POINT('',(-0.01096504953009,-0.003249072898146,0.));
#4977=CARTESIAN_POINT('',(-0.007514973329947,-0.003849072898146,0.));
#4978=CARTESIAN_POINT('',(-0.01156504953009,-0.003849072898146,0.));
#4979=CARTESIAN_POINT('',(-0.01156504953009,-0.003549072898146,0.));
#4980=CARTESIAN_POINT('',(-0.01156504953009,-0.003249072898146,0.));
#4981=CARTESIAN_POINT('',(-0.006614973329947,-0.003249072898146,0.));
#4982=CARTESIAN_POINT('',(-0.00957953890295067,0.0079285356009505,0.01143));
#4983=CARTESIAN_POINT('',(-0.00957953890295067,0.0079285356009505,0.00548975920814435));
#4984=CARTESIAN_POINT('',(-0.00609926818992345,0.0114088063139786,0.00548975920814435));
#4985=CARTESIAN_POINT('',(-0.0112209148986984,0.00628715960520233,0.00548975920814435));
#4986=CARTESIAN_POINT('',(-0.00609926818992346,0.0114088063139786,0.00421975920814435));
#4987=CARTESIAN_POINT('',(-0.00520105994762094,0.0123070145562813,0.00421975920814435));
#4988=CARTESIAN_POINT('',(-0.00520105994762094,0.0123070145562813,0.01143));
#4989=CARTESIAN_POINT('',(-0.00520105994762094,0.0123070145562813,0.00226102757492778));
#4990=CARTESIAN_POINT('',(-0.00609926818992346,0.0114088063139786,0.00226102757492778));
#4991=CARTESIAN_POINT('',(-0.00482074912925134,0.012687325374651,0.01143));
#4992=CARTESIAN_POINT('',(-0.01433832867665,0.00316974582725,0.01143));
#4993=CARTESIAN_POINT('',(-0.0112209148986984,0.00628715960520233,0.00226102757492778));
#4994=CARTESIAN_POINT('',(-0.012119123141001,0.00538895136289959,0.00226102757492778));
#4995=CARTESIAN_POINT('',(-0.012119123141001,0.00538895136289959,0.01143));
#4996=CARTESIAN_POINT('',(-0.012119123141001,0.00538895136289959,0.00421975920814435));
#4997=CARTESIAN_POINT('',(-0.0112209148986984,0.00628715960520233,0.00421975920814435));
#4998=CARTESIAN_POINT('',(-0.01433832867665,-0.00838201676403332,0.01143));
#4999=CARTESIAN_POINT('',(-0.01433832867665,-0.00838201676403332,0.00506023969501257));
#5000=CARTESIAN_POINT('',(-0.01433832867665,-0.0045143052623421,0.00506023969501257));
#5001=CARTESIAN_POINT('',(-0.01433832867665,-0.011295178796649,0.00506023969501257));
#5002=CARTESIAN_POINT('',(-0.01433832867665,-0.0045143052623421,0.00379023969501257));
#5003=CARTESIAN_POINT('',(-0.01433832867665,-0.00324430526234209,0.00379023969501257));
#5004=CARTESIAN_POINT('',(-0.01433832867665,-0.00324430526234209,0.01143));
#5005=CARTESIAN_POINT('',(-0.01433832867665,-0.00324430526234209,0.00280649447020143));
#5006=CARTESIAN_POINT('',(-0.01433832867665,-0.0045143052623421,0.00280649447020143));
#5007=CARTESIAN_POINT('',(-0.01433832867665,-0.0199337793553166,0.01143));
#5008=CARTESIAN_POINT('',(-0.01433832867665,-0.011295178796649,0.00280649447020143));
#5009=CARTESIAN_POINT('',(-0.01433832867665,-0.012565178796649,0.00280649447020143));
#5010=CARTESIAN_POINT('',(-0.01433832867665,-0.012565178796649,0.01143));
#5011=CARTESIAN_POINT('',(-0.01433832867665,-0.012565178796649,0.00379023969501257));
#5012=CARTESIAN_POINT('',(-0.01433832867665,-0.011295178796649,0.00379023969501257));
#5013=CARTESIAN_POINT('',(-0.01383404741197,-0.0204380606199983,0.01143));
#5014=CARTESIAN_POINT('',(-0.01332976614729,-0.02094234188468,0.01143));
#5015=CARTESIAN_POINT('',(0.0114935229870463,-0.02094234188468,0.01143));
#5016=CARTESIAN_POINT('',(0.0114935229870463,-0.02094234188468,0.00573863694444299));
#5017=CARTESIAN_POINT('',(9.81188998371366E-5,-0.02094234188468,0.00573863694444299));
#5018=CARTESIAN_POINT('',(0.00781973626792431,-0.02094234188468,0.00573863694444299));
#5019=CARTESIAN_POINT('',(9.81188998371363E-5,-0.02094234188468,0.00446863694444299));
#5020=CARTESIAN_POINT('',(-0.00117188110016286,-0.02094234188468,0.00446863694444299));
#5021=CARTESIAN_POINT('',(-0.00117188110016286,-0.02094234188468,0.01143));
#5022=CARTESIAN_POINT('',(-0.00117188110016286,-0.02094234188468,0.00217383627684787));
#5023=CARTESIAN_POINT('',(9.81188998371366E-5,-0.02094234188468,0.00217383627684787));
#5024=CARTESIAN_POINT('',(0.0363168121213827,-0.02094234188468,0.01143));
#5025=CARTESIAN_POINT('',(0.00781973626792431,-0.02094234188468,0.00217383627684787));
#5026=CARTESIAN_POINT('',(0.00908973626792431,-0.02094234188468,0.00217383627684787));
#5027=CARTESIAN_POINT('',(0.00908973626792431,-0.02094234188468,0.01143));
#5028=CARTESIAN_POINT('',(0.00908973626792431,-0.02094234188468,0.00446863694444299));
#5029=CARTESIAN_POINT('',(0.00781973626792431,-0.02094234188468,0.00446863694444299));
#5030=CARTESIAN_POINT('',(0.0373290944020679,-0.019930059603995,0.01143));
#5031=CARTESIAN_POINT('',(0.038341376682753,-0.01891777732331,0.01143));
#5032=CARTESIAN_POINT('',(0.038341376682753,-0.00177800355600567,0.01143));
#5033=CARTESIAN_POINT('',(0.038341376682753,-0.0185803882777691,0.01143));
#5034=CARTESIAN_POINT('',(0.038341376682753,-0.0185803882777691,0.00490573140136898));
#5035=CARTESIAN_POINT('',(0.038341376682753,-0.00177800355600567,0.00490573140136898));
#5036=CARTESIAN_POINT('',(0.038341376682753,-0.00494263460859656,0.00490573140136898));
#5037=CARTESIAN_POINT('',(0.038341376682753,-0.00494263460859656,0.01143));
#5038=CARTESIAN_POINT('',(0.038341376682753,0.0153617702112987,0.01143));
#5039=CARTESIAN_POINT('',(0.0377735952910695,0.0159295516029823,0.01143));
#5040=CARTESIAN_POINT('',(0.00336813699239733,0.012687325374651,0.01143));
#5041=CARTESIAN_POINT('',(0.011557023114046,0.012687325374651,0.01143));
#5042=CARTESIAN_POINT('',(0.0134646571854355,0.0145923291846585,0.01143));
#5043=CARTESIAN_POINT('',(-0.0153882398346833,-0.0217953584365411,0.01143));
#5044=CARTESIAN_POINT('',(0.0391057870923244,-0.0217953584365411,0.01143));
#5045=CARTESIAN_POINT('',(0.0409699364778921,-0.0199337793553166,0.01143));
#5046=CARTESIAN_POINT('',(0.0409699364778921,-0.00267072508532908,0.01143));
#5047=CARTESIAN_POINT('',(0.0409699364778921,-0.0185803882777691,0.00816786570068449));
#5048=CARTESIAN_POINT('',(0.0409699364778921,-0.0185803882777691,0.00490573140136898));
#5049=CARTESIAN_POINT('',(0.0409699364778921,0.0145923291846585,0.01143));
#5050=CARTESIAN_POINT('',(0.0409699364778921,-0.00494263460859656,0.00816786570068449));
#5051=CARTESIAN_POINT('',(0.0409699364778921,-0.00494263460859656,0.00490573140136898));
#5052=CARTESIAN_POINT('',(0.0409699364778921,-0.0117615114431828,0.00490573140136898));
#5053=CARTESIAN_POINT('',(0.0400187478902664,0.0155448310896623,0.01143));
#5054=CARTESIAN_POINT('',(0.0130488921747748,0.0164590524234193,0.01143));
#5055=CARTESIAN_POINT('',(0.0111795915290713,0.0145923291846585,0.01143));
#5056=CARTESIAN_POINT('',(0.00231567700393498,0.0144575057342386,0.01143));
#5057=CARTESIAN_POINT('',(-0.0120873135220766,-0.00803932350587308,0.005715));
#5058=CARTESIAN_POINT('',(-0.0120873135220766,-0.00790474202949554,0.00153649447020144));
#5059=CARTESIAN_POINT('',(-0.0120873135220766,-0.0045143052623421,0.00153649447020144));
#5060=CARTESIAN_POINT('',(-0.0120873135220766,-0.011295178796649,0.00153649447020144));
#5061=CARTESIAN_POINT('',(-0.0120873135220766,-0.011295178796649,0.00280649447020143));
#5062=CARTESIAN_POINT('',(-0.0120873135220766,-0.0045143052623421,0.00280649447020143));
#5063=CARTESIAN_POINT('',(-0.0120873135220766,-0.00790474202949554,0.00506023969501257));
#5064=CARTESIAN_POINT('',(-0.0174467135220766,-0.011295178796649,0.00506023969501257));
#5065=CARTESIAN_POINT('',(-0.0120873135220766,-0.0045143052623421,0.00506023969501257));
#5066=CARTESIAN_POINT('',(-0.0120873135220766,-0.00324430526234209,0.003298367082607));
#5067=CARTESIAN_POINT('',(-0.0120873135220766,-0.00324430526234209,0.00379023969501257));
#5068=CARTESIAN_POINT('',(-0.0120873135220766,-0.00324430526234209,0.00280649447020143));
#5069=CARTESIAN_POINT('',(-0.0120873135220766,-0.012565178796649,0.003298367082607));
#5070=CARTESIAN_POINT('',(-0.01433832867665,-0.012565178796649,0.00379023969501257));
#5071=CARTESIAN_POINT('',(-0.0120873135220766,-0.012565178796649,0.00280649447020143));
#5072=CARTESIAN_POINT('',(-0.0120873135220766,-0.00790474202949554,0.00153649447020144));
#5073=CARTESIAN_POINT('',(-0.0120873135220766,-0.011295178796649,0.00153649447020144));
#5074=CARTESIAN_POINT('',(-0.0174467135220766,-0.0045143052623421,0.00153649447020144));
#5075=CARTESIAN_POINT('',(-0.0120873135220766,-0.011295178796649,0.00379023969501257));
#5076=CARTESIAN_POINT('',(-0.0120873135220766,-0.0045143052623421,0.00379023969501257));
#5077=CARTESIAN_POINT('',(-0.0120873135220766,-0.011295178796649,0.00280649447020143));
#5078=CARTESIAN_POINT('',(-0.0120873135220766,-0.0045143052623421,0.00280649447020143));
#5079=CARTESIAN_POINT('',(-0.00759880228860372,0.00450915035628091,0.005715));
#5080=CARTESIAN_POINT('',(-0.0059831910164834,0.00606088031133053,0.000991027574927781));
#5081=CARTESIAN_POINT('',(-0.0033717813184607,0.0085690347933247,0.000991027574927781));
#5082=CARTESIAN_POINT('',(-0.0085946007145061,0.00355272582933636,0.000991027574927781));
#5083=CARTESIAN_POINT('',(-0.0085946007145061,0.00355272582933636,0.00226102757492778));
#5084=CARTESIAN_POINT('',(-0.0033717813184607,0.0085690347933247,0.00226102757492778));
#5085=CARTESIAN_POINT('',(-0.00759880228860372,0.00450915035628091,0.005715));
#5086=CARTESIAN_POINT('',(-0.0085946007145061,0.00355272582933636,0.00226102757492778));
#5087=CARTESIAN_POINT('',(-0.00567162001858971,0.00636013178283199,0.00548975920814435));
#5088=CARTESIAN_POINT('',(-0.0033717813184607,0.0085690347933247,0.00548975920814435));
#5089=CARTESIAN_POINT('',(-0.0129932739475414,0.00813248278675005,0.00548975920814435));
#5090=CARTESIAN_POINT('',(-0.00245582992697797,0.00944876943993175,0.00324039339153607));
#5091=CARTESIAN_POINT('',(-0.00245582992697797,0.00944876943993175,0.00421975920814435));
#5092=CARTESIAN_POINT('',(-0.00245582992697797,0.00944876943993175,0.00226102757492778));
#5093=CARTESIAN_POINT('',(-0.0059831910164834,0.00606088031133053,0.000991027574927781));
#5094=CARTESIAN_POINT('',(-0.0085946007145061,0.00355272582933636,0.000991027574927781));
#5095=CARTESIAN_POINT('',(-0.00777045455149597,0.0131487917507384,0.000991027574927781));
#5096=CARTESIAN_POINT('',(-0.00951055210598883,0.00267299118272931,0.00324039339153607));
#5097=CARTESIAN_POINT('',(-0.012119123141001,0.00538895136289958,0.00421975920814435));
#5098=CARTESIAN_POINT('',(-0.00951055210598883,0.00267299118272931,0.00226102757492778));
#5099=CARTESIAN_POINT('',(0.0119559357797333,-0.0173069375177655,0.005715));
#5100=CARTESIAN_POINT('',(0.00781973626792431,-0.0173069375177655,0.00217383627684787));
#5101=CARTESIAN_POINT('',(0.0119559357797333,-0.0173069375177655,0.005715));
#5102=CARTESIAN_POINT('',(9.81188998371366E-5,-0.0173069375177655,0.00217383627684787));
#5103=CARTESIAN_POINT('',(0.0119559357797333,-0.0173069375177655,0.005715));
#5104=CARTESIAN_POINT('',(9.81188998371366E-5,-0.0173069375177655,0.00217383627684787));
#5105=CARTESIAN_POINT('',(9.81188998371366E-5,-0.0173069375177655,0.000903836276847869));
#5106=CARTESIAN_POINT('',(0.00395892758388073,-0.0173069375177655,0.000903836276847869));
#5107=CARTESIAN_POINT('',(0.00781973626792431,-0.0173069375177655,0.000903836276847869));
#5108=CARTESIAN_POINT('',(0.00781973626792431,-0.0173069375177655,0.00217383627684787));
#5109=CARTESIAN_POINT('',(0.00395892758388073,-0.0173069375177655,0.00573863694444299));
#5110=CARTESIAN_POINT('',(0.00781973626792431,-0.0236569375177655,0.00573863694444299));
#5111=CARTESIAN_POINT('',(9.81188998371366E-5,-0.0173069375177655,0.00573863694444299));
#5112=CARTESIAN_POINT('',(-0.00117188110016286,-0.0173069375177655,0.00332123661064543));
#5113=CARTESIAN_POINT('',(-0.00117188110016286,-0.0173069375177655,0.00217383627684787));
#5114=CARTESIAN_POINT('',(-0.00117188110016286,-0.0173069375177655,0.00446863694444299));
#5115=CARTESIAN_POINT('',(0.00395892758388073,-0.0173069375177655,0.000903836276847869));
#5116=CARTESIAN_POINT('',(9.81188998371366E-5,-0.0236569375177655,0.000903836276847869));
#5117=CARTESIAN_POINT('',(0.00781973626792431,-0.0173069375177655,0.000903836276847869));
#5118=CARTESIAN_POINT('',(0.00908973626792431,-0.0173069375177655,0.00332123661064543));
#5119=CARTESIAN_POINT('',(0.00908973626792431,-0.0173069375177655,0.00217383627684787));
#5120=CARTESIAN_POINT('',(0.00908973626792431,-0.02094234188468,0.00446863694444299));
#5121=CARTESIAN_POINT('',(0.0346199364778921,-0.0117615114431828,0.00490573140136898));
#5122=CARTESIAN_POINT('',(0.0346199364778921,-0.0185803882777691,0.00490573140136898));
#5123=CARTESIAN_POINT('',(0.0346199364778921,-0.00494263460859656,0.00490573140136898));
#5124=CARTESIAN_POINT('',(0.0346199364778921,-0.0185803882777691,0.00816786570068449));
#5125=CARTESIAN_POINT('',(0.0346199364778921,-0.00494263460859656,0.00816786570068449));
#5126=CARTESIAN_POINT('',(0.0231987852603197,0.0119757756621801,0.00883870851248503));
#5127=CARTESIAN_POINT('',(0.0161561649292708,0.0119757756621801,0.00883870851248503));
#5128=CARTESIAN_POINT('',(0.0302414055913687,0.0119757756621801,0.00883870851248503));
#5129=CARTESIAN_POINT('',(0.0302414055913687,0.0119757756621801,0.00544977851677686));
#5130=CARTESIAN_POINT('',(0.0302414055913687,0.0119757756621801,0.00206084852106869));
#5131=CARTESIAN_POINT('',(0.0231987852603197,0.0119757756621801,0.00206084852106869));
#5132=CARTESIAN_POINT('',(0.0161561649292708,0.0119757756621801,0.00206084852106869));
#5133=CARTESIAN_POINT('',(0.0161561649292708,0.0119757756621801,0.00544977851677686));
#5134=CARTESIAN_POINT('',(-0.0033717813184607,0.0085690347933247,0.00421975920814435));
#5135=CARTESIAN_POINT('',(-0.0085946007145061,0.00355272582933636,0.00421975920814435));
#5136=CARTESIAN_POINT('',(-0.0085946007145061,0.00355272582933636,0.00226102757492778));
#5137=CARTESIAN_POINT('',(-0.0033717813184607,0.0085690347933247,0.00226102757492778));
#5138=CARTESIAN_POINT('',(9.81188998371366E-5,-0.0173069375177655,0.00217383627684787));
#5139=CARTESIAN_POINT('',(0.00781973626792431,-0.0173069375177655,0.00217383627684787));
#5140=CARTESIAN_POINT('',(0.00781973626792431,-0.0173069375177655,0.00446863694444299));
#5141=CARTESIAN_POINT('',(9.81188998371363E-5,-0.0173069375177655,0.00446863694444299));
#5142=MECHANICAL_DESIGN_GEOMETRIC_PRESENTATION_REPRESENTATION('',(#2857,
#82,#83,#84,#85,#86,#87,#88,#89,#90,#91,#92,#93,#94,#95,#96,#97,#98,#99,
#100,#101,#102,#103,#104,#105,#106,#107,#108,#109,#110,#111,#112,#113,#114,
#115,#116,#117,#118,#119,#120,#121,#122,#123,#124,#125,#126,#127,#128,#129,
#130,#131,#132,#133,#134,#135,#136,#137,#138,#139,#140,#141,#142,#143,#144,
#145,#146,#147,#148,#149,#150,#151,#152),#5143);
#5143=(
GEOMETRIC_REPRESENTATION_CONTEXT(3)
GLOBAL_UNCERTAINTY_ASSIGNED_CONTEXT((#5144))
GLOBAL_UNIT_ASSIGNED_CONTEXT((#5147,#5146,#5145))
REPRESENTATION_CONTEXT('Board~ZDTx','TOP_LEVEL_ASSEMBLY_PART')
);
#5144=UNCERTAINTY_MEASURE_WITH_UNIT(LENGTH_MEASURE(2.E-5),#5147,
'DISTANCE_ACCURACY_VALUE','Maximum Tolerance applied to model');
#5145=(
NAMED_UNIT(*)
SI_UNIT($,.STERADIAN.)
SOLID_ANGLE_UNIT()
);
#5146=(
NAMED_UNIT(*)
PLANE_ANGLE_UNIT()
SI_UNIT($,.RADIAN.)
);
#5147=(
LENGTH_UNIT()
NAMED_UNIT(*)
SI_UNIT($,.METRE.)
);
#5148=PRODUCT_DEFINITION_SHAPE('','',#5149);
#5149=PRODUCT_DEFINITION('','',#5151,#5150);
#5150=PRODUCT_DEFINITION_CONTEXT('',#5157,'design');
#5151=PRODUCT_DEFINITION_FORMATION_WITH_SPECIFIED_SOURCE('','',#5153,
 .NOT_KNOWN.);
#5152=PRODUCT_RELATED_PRODUCT_CATEGORY('','',(#5153));
#5153=PRODUCT('Board~ZDTx','Board~ZDTx','Board~ZDTx',(#5155));
#5154=PRODUCT_CATEGORY('','');
#5155=PRODUCT_CONTEXT('',#5157,'mechanical');
#5156=APPLICATION_PROTOCOL_DEFINITION('international standard',
'ap242_managed_model_based_3d_engineering',2020,#5157);
#5157=APPLICATION_CONTEXT('managed model based 3d engineering');
ENDSEC;
END-ISO-10303-21;
